/*
 Navicat MySQL Data Transfer

 Source Server         : localhost
 Source Server Type    : MySQL
 Source Server Version : 100315
 Source Host           : localhost:3306
 Source Schema         : evrz

 Target Server Type    : MySQL
 Target Server Version : 100315
 File Encoding         : 65001

 Date: 02/07/2019 17:42:27
*/

SET NAMES utf8mb4;
SET FOREIGN_KEY_CHECKS = 0;

-- ----------------------------
-- Table structure for account
-- ----------------------------
DROP TABLE IF EXISTS `account`;
CREATE TABLE `account`  (
  `account_id` int(10) UNSIGNED NOT NULL AUTO_INCREMENT,
  `employee_id` int(10) UNSIGNED NOT NULL,
  PRIMARY KEY (`account_id`) USING BTREE,
  INDEX `fk_account_employee_id`(`employee_id`) USING BTREE,
  UNIQUE INDEX `uq_account_employee_id`(`employee_id`) USING BTREE,
  CONSTRAINT `fk_account_employee_id` FOREIGN KEY (`employee_id`) REFERENCES `employee` (`employee_id`) ON DELETE RESTRICT ON UPDATE CASCADE
) ENGINE = InnoDB AUTO_INCREMENT = 1000000010 CHARACTER SET = utf8 COLLATE = utf8_unicode_ci ROW_FORMAT = Dynamic;

-- ----------------------------
-- Records of account
-- ----------------------------
INSERT INTO `account` VALUES (111111111, 1);
INSERT INTO `account` VALUES (222222222, 2);
INSERT INTO `account` VALUES (333333333, 3);
INSERT INTO `account` VALUES (444444444, 4);
INSERT INTO `account` VALUES (555555555, 5);
INSERT INTO `account` VALUES (666666666, 6);
INSERT INTO `account` VALUES (777777777, 7);
INSERT INTO `account` VALUES (888888888, 8);
INSERT INTO `account` VALUES (888888889, 9);
INSERT INTO `account` VALUES (101010101, 10);

-- ----------------------------
-- Table structure for administrator
-- ----------------------------
DROP TABLE IF EXISTS `administrator`;
CREATE TABLE `administrator`  (
  `administrator_id` int(10) UNSIGNED NOT NULL AUTO_INCREMENT,
  `name` varchar(45) CHARACTER SET utf8 COLLATE utf8_unicode_ci NOT NULL,
  `lastname` varchar(45) CHARACTER SET utf8 COLLATE utf8_unicode_ci NOT NULL,
  `username` varchar(45) CHARACTER SET utf8 COLLATE utf8_unicode_ci NOT NULL,
  `password_hash` varchar(128) CHARACTER SET utf8 COLLATE utf8_unicode_ci NOT NULL,
  `email` varchar(45) CHARACTER SET utf8 COLLATE utf8_unicode_ci NOT NULL,
  `created_at` timestamp(0) NOT NULL DEFAULT current_timestamp(0),
  PRIMARY KEY (`administrator_id`) USING BTREE,
  UNIQUE INDEX `uq_administrator_username`(`username`) USING BTREE,
  UNIQUE INDEX `uq_administrator_email`(`email`) USING BTREE
) ENGINE = InnoDB AUTO_INCREMENT = 2 CHARACTER SET = utf8 COLLATE = utf8_unicode_ci ROW_FORMAT = Dynamic;

-- ----------------------------
-- Records of administrator
-- ----------------------------
INSERT INTO `administrator` VALUES (1, 'Petar', 'Petrovic', 'Admin', '$2y$10$ITKmlB7Dd9GSVI/8MPUcKe9he.mGKEN2mDeE.BxwyPfVOiFLLRs9S', 'pp@mail.com', '2019-07-01 22:16:18');

-- ----------------------------
-- Table structure for archived
-- ----------------------------
DROP TABLE IF EXISTS `archived`;
CREATE TABLE `archived`  (
  `archived_id` int(10) UNSIGNED NOT NULL AUTO_INCREMENT,
  `name` varchar(45) CHARACTER SET utf8 COLLATE utf8_unicode_ci NOT NULL,
  `lastname` varchar(45) CHARACTER SET utf8 COLLATE utf8_unicode_ci NOT NULL,
  `address` varchar(45) CHARACTER SET utf8 COLLATE utf8_unicode_ci NOT NULL,
  `phone` varchar(45) CHARACTER SET utf8 COLLATE utf8_unicode_ci NOT NULL,
  `mail` varchar(45) CHARACTER SET utf8 COLLATE utf8_unicode_ci NOT NULL,
  `created_at` timestamp(0) NOT NULL DEFAULT current_timestamp(0),
  PRIMARY KEY (`archived_id`) USING BTREE,
  UNIQUE INDEX `uq_arcived_mail`(`mail`) USING BTREE,
  UNIQUE INDEX `uq_arcived_phone`(`phone`) USING BTREE
) ENGINE = InnoDB AUTO_INCREMENT = 9 CHARACTER SET = utf8 COLLATE = utf8_unicode_ci ROW_FORMAT = Dynamic;

-- ----------------------------
-- Records of archived
-- ----------------------------
INSERT INTO `archived` VALUES (8, 'Petar', 'Petrovic', 'BB Beograd', '0699999999', 'pp@mail.com', '2019-07-02 17:40:15');

-- ----------------------------
-- Table structure for employee
-- ----------------------------
DROP TABLE IF EXISTS `employee`;
CREATE TABLE `employee`  (
  `employee_id` int(10) UNSIGNED NOT NULL AUTO_INCREMENT,
  `name` varchar(45) CHARACTER SET utf8 COLLATE utf8_unicode_ci NOT NULL,
  `lastname` varchar(45) CHARACTER SET utf8 COLLATE utf8_unicode_ci NOT NULL,
  `address` varchar(45) CHARACTER SET utf8 COLLATE utf8_unicode_ci NOT NULL,
  `phone` varchar(45) CHARACTER SET utf8 COLLATE utf8_unicode_ci NOT NULL,
  `mail` varchar(45) CHARACTER SET utf8 COLLATE utf8_unicode_ci NOT NULL,
  `created_at` timestamp(0) NOT NULL DEFAULT current_timestamp(0),
  PRIMARY KEY (`employee_id`) USING BTREE,
  UNIQUE INDEX `uq_employee_phone`(`phone`) USING BTREE,
  UNIQUE INDEX `uq_employee_mail`(`mail`) USING BTREE
) ENGINE = InnoDB AUTO_INCREMENT = 23 CHARACTER SET = utf8 COLLATE = utf8_unicode_ci ROW_FORMAT = Dynamic;

-- ----------------------------
-- Records of employee
-- ----------------------------
INSERT INTO `employee` VALUES (1, 'Aiden', 'Thompson', '17498 Aufderhar Rapid\nCummingsburgh, VA 73879', '167.432.8366x649', 'keon.carter@example.net', '2019-07-01 19:13:18');
INSERT INTO `employee` VALUES (2, 'Gracie', 'Sawayn', '4675 Collins Summit\nSchaeferstad, AR 54902-50', '1-349-536-2751', 'mayert.kraig@example.org', '2019-07-01 19:13:18');
INSERT INTO `employee` VALUES (3, 'Hailey', 'Fritsch', '883 Wintheiser Lake\nPort Elnora, CT 55884-432', '1-718-135-0180', 'margret44@example.net', '2019-07-01 19:13:18');
INSERT INTO `employee` VALUES (4, 'Lambert', 'Lockman', '501 Jast Lock Suite 464\nPort Retta, IA 76078', '04749376632', 'marlee.grady@example.net', '2019-07-01 19:13:18');
INSERT INTO `employee` VALUES (5, 'Kendall', 'Tromp', '10711 Little Forest\nLake Alyciafort, SD 93254', '446-314-7463', 'koss.houston@example.net', '2019-07-01 19:13:18');
INSERT INTO `employee` VALUES (6, 'Cassandra', 'Murazik', '3906 Elmira Square\nOberbrunnerfurt, MN 94900', '1-311-653-0749x1017', 'zkunze@example.com', '2019-07-01 19:13:18');
INSERT INTO `employee` VALUES (7, 'Rocky', 'Gerhold', '8473 VonRueden Cliffs\nBashirianburgh, WV 1638', '(005)158-8496', 'mara.bode@example.net', '2019-07-01 19:13:18');
INSERT INTO `employee` VALUES (8, 'Valentine', 'Boyle', '0202 Kirlin Tunnel\nRashawnfurt, AL 84117', '380.967.0757x7084', 'fritsch.tyra@example.net', '2019-07-01 19:13:18');
INSERT INTO `employee` VALUES (9, 'Marilyne', 'Watsica', '0110 Durgan Pine Apt. 773\nKassulkehaven, NC 5', '1-119-178-5791', 'carolyne.frami@example.net', '2019-07-01 19:13:18');
INSERT INTO `employee` VALUES (10, 'Haley', 'Bergstrom', '313 Frederique Spurs Suite 917\nEast Melanysid', '872-512-0091x3716', 'pollich.elsa@example.com', '2019-07-01 19:13:18');

-- ----------------------------
-- Table structure for record
-- ----------------------------
DROP TABLE IF EXISTS `record`;
CREATE TABLE `record`  (
  `record_id` int(10) UNSIGNED NOT NULL AUTO_INCREMENT,
  `account_id` int(10) UNSIGNED NOT NULL,
  `created_at` timestamp(0) NOT NULL DEFAULT current_timestamp(0),
  `status` enum('IN','OUT') CHARACTER SET utf8 COLLATE utf8_unicode_ci NOT NULL,
  PRIMARY KEY (`record_id`) USING BTREE,
  INDEX `fk_record_account_id`(`account_id`) USING BTREE,
  CONSTRAINT `fk_record_account_id` FOREIGN KEY (`account_id`) REFERENCES `account` (`account_id`) ON DELETE RESTRICT ON UPDATE CASCADE
) ENGINE = InnoDB AUTO_INCREMENT = 1052 CHARACTER SET = utf8 COLLATE = utf8_unicode_ci ROW_FORMAT = Dynamic;

-- ----------------------------
-- Records of record
-- ----------------------------
INSERT INTO `record` VALUES (96, 111111111, '2019-06-03 08:00:00', 'IN');
INSERT INTO `record` VALUES (97, 222222222, '2019-06-03 08:00:02', 'IN');
INSERT INTO `record` VALUES (98, 333333333, '2019-06-03 08:00:04', 'IN');
INSERT INTO `record` VALUES (99, 444444444, '2019-06-03 08:00:06', 'IN');
INSERT INTO `record` VALUES (100, 555555555, '2019-06-03 08:00:03', 'IN');
INSERT INTO `record` VALUES (101, 666666666, '2019-06-03 08:00:01', 'IN');
INSERT INTO `record` VALUES (102, 777777777, '2019-06-03 08:00:07', 'IN');
INSERT INTO `record` VALUES (103, 888888888, '2019-06-03 08:00:10', 'IN');
INSERT INTO `record` VALUES (104, 888888889, '2019-06-03 08:00:11', 'IN');
INSERT INTO `record` VALUES (105, 101010101, '2019-06-03 08:00:22', 'IN');
INSERT INTO `record` VALUES (106, 111111111, '2019-06-03 10:30:00', 'OUT');
INSERT INTO `record` VALUES (107, 222222222, '2019-06-03 10:30:02', 'OUT');
INSERT INTO `record` VALUES (108, 333333333, '2019-06-03 10:30:04', 'OUT');
INSERT INTO `record` VALUES (109, 444444444, '2019-06-03 10:30:06', 'OUT');
INSERT INTO `record` VALUES (110, 555555555, '2019-06-03 10:30:03', 'OUT');
INSERT INTO `record` VALUES (111, 666666666, '2019-06-03 10:30:01', 'OUT');
INSERT INTO `record` VALUES (112, 777777777, '2019-06-03 10:30:07', 'OUT');
INSERT INTO `record` VALUES (113, 888888888, '2019-06-03 10:30:10', 'OUT');
INSERT INTO `record` VALUES (114, 888888889, '2019-06-03 10:30:11', 'OUT');
INSERT INTO `record` VALUES (115, 101010101, '2019-06-03 10:30:22', 'OUT');
INSERT INTO `record` VALUES (116, 111111111, '2019-06-03 11:00:00', 'IN');
INSERT INTO `record` VALUES (117, 222222222, '2019-06-03 11:00:02', 'IN');
INSERT INTO `record` VALUES (118, 333333333, '2019-06-03 11:00:04', 'IN');
INSERT INTO `record` VALUES (119, 444444444, '2019-06-03 11:00:06', 'IN');
INSERT INTO `record` VALUES (120, 555555555, '2019-06-03 11:00:03', 'IN');
INSERT INTO `record` VALUES (121, 666666666, '2019-06-03 11:00:01', 'IN');
INSERT INTO `record` VALUES (122, 777777777, '2019-06-03 11:00:07', 'IN');
INSERT INTO `record` VALUES (123, 888888888, '2019-06-03 11:00:10', 'IN');
INSERT INTO `record` VALUES (124, 888888889, '2019-06-03 11:00:11', 'IN');
INSERT INTO `record` VALUES (125, 101010101, '2019-06-03 11:00:22', 'IN');
INSERT INTO `record` VALUES (126, 111111111, '2019-06-03 16:00:00', 'OUT');
INSERT INTO `record` VALUES (127, 222222222, '2019-06-03 16:00:02', 'OUT');
INSERT INTO `record` VALUES (128, 333333333, '2019-06-03 16:00:04', 'OUT');
INSERT INTO `record` VALUES (129, 444444444, '2019-06-03 16:00:06', 'OUT');
INSERT INTO `record` VALUES (130, 555555555, '2019-06-03 16:00:03', 'OUT');
INSERT INTO `record` VALUES (131, 666666666, '2019-06-03 16:00:01', 'OUT');
INSERT INTO `record` VALUES (132, 777777777, '2019-06-03 16:00:07', 'OUT');
INSERT INTO `record` VALUES (133, 888888888, '2019-06-03 16:00:10', 'OUT');
INSERT INTO `record` VALUES (134, 888888889, '2019-06-03 16:00:11', 'OUT');
INSERT INTO `record` VALUES (135, 101010101, '2019-06-03 16:00:22', 'OUT');
INSERT INTO `record` VALUES (136, 111111111, '2019-06-04 08:00:00', 'IN');
INSERT INTO `record` VALUES (137, 222222222, '2019-06-04 08:00:02', 'IN');
INSERT INTO `record` VALUES (138, 333333333, '2019-06-04 08:00:04', 'IN');
INSERT INTO `record` VALUES (139, 444444444, '2019-06-04 08:00:06', 'IN');
INSERT INTO `record` VALUES (140, 555555555, '2019-06-04 08:00:03', 'IN');
INSERT INTO `record` VALUES (141, 666666666, '2019-06-04 08:00:01', 'IN');
INSERT INTO `record` VALUES (142, 777777777, '2019-06-04 08:00:07', 'IN');
INSERT INTO `record` VALUES (143, 888888888, '2019-06-04 08:00:10', 'IN');
INSERT INTO `record` VALUES (144, 888888889, '2019-06-04 08:00:11', 'IN');
INSERT INTO `record` VALUES (145, 101010101, '2019-06-04 08:00:22', 'IN');
INSERT INTO `record` VALUES (146, 111111111, '2019-06-04 10:30:00', 'OUT');
INSERT INTO `record` VALUES (147, 222222222, '2019-06-04 10:30:02', 'OUT');
INSERT INTO `record` VALUES (148, 333333333, '2019-06-04 10:30:04', 'OUT');
INSERT INTO `record` VALUES (149, 444444444, '2019-06-04 10:30:06', 'OUT');
INSERT INTO `record` VALUES (150, 555555555, '2019-06-04 10:30:03', 'OUT');
INSERT INTO `record` VALUES (151, 666666666, '2019-06-04 10:30:01', 'OUT');
INSERT INTO `record` VALUES (152, 777777777, '2019-06-04 10:30:07', 'OUT');
INSERT INTO `record` VALUES (153, 888888888, '2019-06-04 10:30:10', 'OUT');
INSERT INTO `record` VALUES (154, 888888889, '2019-06-04 10:30:11', 'OUT');
INSERT INTO `record` VALUES (155, 101010101, '2019-06-04 10:30:22', 'OUT');
INSERT INTO `record` VALUES (156, 111111111, '2019-06-04 11:00:00', 'IN');
INSERT INTO `record` VALUES (157, 222222222, '2019-06-04 11:00:02', 'IN');
INSERT INTO `record` VALUES (158, 333333333, '2019-06-04 11:00:04', 'IN');
INSERT INTO `record` VALUES (159, 444444444, '2019-06-04 11:00:06', 'IN');
INSERT INTO `record` VALUES (160, 555555555, '2019-06-04 11:00:03', 'IN');
INSERT INTO `record` VALUES (161, 666666666, '2019-06-04 11:00:01', 'IN');
INSERT INTO `record` VALUES (162, 777777777, '2019-06-04 11:00:07', 'IN');
INSERT INTO `record` VALUES (163, 888888888, '2019-06-04 11:00:10', 'IN');
INSERT INTO `record` VALUES (164, 888888889, '2019-06-04 11:00:11', 'IN');
INSERT INTO `record` VALUES (165, 101010101, '2019-06-04 11:00:22', 'IN');
INSERT INTO `record` VALUES (166, 111111111, '2019-06-04 16:00:00', 'OUT');
INSERT INTO `record` VALUES (167, 222222222, '2019-06-04 16:00:02', 'OUT');
INSERT INTO `record` VALUES (168, 333333333, '2019-06-04 16:00:04', 'OUT');
INSERT INTO `record` VALUES (169, 444444444, '2019-06-04 16:00:06', 'OUT');
INSERT INTO `record` VALUES (170, 555555555, '2019-06-04 16:00:03', 'OUT');
INSERT INTO `record` VALUES (171, 666666666, '2019-06-04 16:00:01', 'OUT');
INSERT INTO `record` VALUES (172, 777777777, '2019-06-04 16:00:07', 'OUT');
INSERT INTO `record` VALUES (173, 888888888, '2019-06-04 16:00:10', 'OUT');
INSERT INTO `record` VALUES (174, 888888889, '2019-06-04 16:00:11', 'OUT');
INSERT INTO `record` VALUES (175, 101010101, '2019-06-04 16:00:22', 'OUT');
INSERT INTO `record` VALUES (176, 111111111, '2019-06-05 08:00:00', 'IN');
INSERT INTO `record` VALUES (177, 222222222, '2019-06-05 08:00:02', 'IN');
INSERT INTO `record` VALUES (178, 333333333, '2019-06-05 08:00:04', 'IN');
INSERT INTO `record` VALUES (179, 444444444, '2019-06-05 08:00:06', 'IN');
INSERT INTO `record` VALUES (180, 555555555, '2019-06-05 08:00:03', 'IN');
INSERT INTO `record` VALUES (181, 666666666, '2019-06-05 08:00:01', 'IN');
INSERT INTO `record` VALUES (182, 777777777, '2019-06-05 08:00:07', 'IN');
INSERT INTO `record` VALUES (183, 888888888, '2019-06-05 08:00:10', 'IN');
INSERT INTO `record` VALUES (184, 888888889, '2019-06-05 08:00:11', 'IN');
INSERT INTO `record` VALUES (185, 101010101, '2019-06-05 08:00:22', 'IN');
INSERT INTO `record` VALUES (186, 111111111, '2019-06-05 10:30:00', 'OUT');
INSERT INTO `record` VALUES (187, 222222222, '2019-06-05 10:30:02', 'OUT');
INSERT INTO `record` VALUES (188, 333333333, '2019-06-05 10:30:04', 'OUT');
INSERT INTO `record` VALUES (189, 444444444, '2019-06-05 10:30:06', 'OUT');
INSERT INTO `record` VALUES (190, 555555555, '2019-06-05 10:30:03', 'OUT');
INSERT INTO `record` VALUES (191, 666666666, '2019-06-05 10:30:01', 'OUT');
INSERT INTO `record` VALUES (192, 777777777, '2019-06-05 10:30:07', 'OUT');
INSERT INTO `record` VALUES (193, 888888888, '2019-06-05 10:30:10', 'OUT');
INSERT INTO `record` VALUES (194, 888888889, '2019-06-05 10:30:11', 'OUT');
INSERT INTO `record` VALUES (195, 101010101, '2019-06-05 10:30:22', 'OUT');
INSERT INTO `record` VALUES (196, 111111111, '2019-06-05 11:00:00', 'IN');
INSERT INTO `record` VALUES (197, 222222222, '2019-06-05 11:00:02', 'IN');
INSERT INTO `record` VALUES (198, 333333333, '2019-06-05 11:00:04', 'IN');
INSERT INTO `record` VALUES (199, 444444444, '2019-06-05 11:00:06', 'IN');
INSERT INTO `record` VALUES (200, 555555555, '2019-06-05 11:00:03', 'IN');
INSERT INTO `record` VALUES (201, 666666666, '2019-06-05 11:00:01', 'IN');
INSERT INTO `record` VALUES (202, 777777777, '2019-06-05 11:00:07', 'IN');
INSERT INTO `record` VALUES (203, 888888888, '2019-06-05 11:00:10', 'IN');
INSERT INTO `record` VALUES (204, 888888889, '2019-06-05 11:00:11', 'IN');
INSERT INTO `record` VALUES (205, 101010101, '2019-06-05 11:00:22', 'IN');
INSERT INTO `record` VALUES (206, 111111111, '2019-06-05 16:00:00', 'OUT');
INSERT INTO `record` VALUES (207, 222222222, '2019-06-05 16:00:02', 'OUT');
INSERT INTO `record` VALUES (208, 333333333, '2019-06-05 16:00:04', 'OUT');
INSERT INTO `record` VALUES (209, 444444444, '2019-06-05 16:00:06', 'OUT');
INSERT INTO `record` VALUES (210, 555555555, '2019-06-05 16:00:03', 'OUT');
INSERT INTO `record` VALUES (211, 666666666, '2019-06-05 16:00:01', 'OUT');
INSERT INTO `record` VALUES (212, 777777777, '2019-06-05 16:00:07', 'OUT');
INSERT INTO `record` VALUES (213, 888888888, '2019-06-05 16:00:10', 'OUT');
INSERT INTO `record` VALUES (214, 888888889, '2019-06-05 16:00:11', 'OUT');
INSERT INTO `record` VALUES (215, 101010101, '2019-06-05 16:00:22', 'OUT');
INSERT INTO `record` VALUES (216, 111111111, '2019-06-06 08:00:00', 'IN');
INSERT INTO `record` VALUES (217, 222222222, '2019-06-06 08:00:02', 'IN');
INSERT INTO `record` VALUES (218, 333333333, '2019-06-06 08:00:04', 'IN');
INSERT INTO `record` VALUES (219, 444444444, '2019-06-06 08:00:06', 'IN');
INSERT INTO `record` VALUES (220, 555555555, '2019-06-06 08:00:03', 'IN');
INSERT INTO `record` VALUES (221, 666666666, '2019-06-06 08:00:01', 'IN');
INSERT INTO `record` VALUES (222, 777777777, '2019-06-06 08:00:07', 'IN');
INSERT INTO `record` VALUES (223, 888888888, '2019-06-06 08:00:10', 'IN');
INSERT INTO `record` VALUES (224, 888888889, '2019-06-06 08:00:11', 'IN');
INSERT INTO `record` VALUES (225, 101010101, '2019-06-06 08:00:22', 'IN');
INSERT INTO `record` VALUES (226, 111111111, '2019-06-06 10:30:00', 'OUT');
INSERT INTO `record` VALUES (227, 222222222, '2019-06-06 10:30:02', 'OUT');
INSERT INTO `record` VALUES (228, 333333333, '2019-06-06 10:30:04', 'OUT');
INSERT INTO `record` VALUES (229, 444444444, '2019-06-06 10:30:06', 'OUT');
INSERT INTO `record` VALUES (230, 555555555, '2019-06-06 10:30:03', 'OUT');
INSERT INTO `record` VALUES (231, 666666666, '2019-06-06 10:30:01', 'OUT');
INSERT INTO `record` VALUES (232, 777777777, '2019-06-06 10:30:07', 'OUT');
INSERT INTO `record` VALUES (233, 888888888, '2019-06-06 10:30:10', 'OUT');
INSERT INTO `record` VALUES (234, 888888889, '2019-06-06 10:30:11', 'OUT');
INSERT INTO `record` VALUES (235, 101010101, '2019-06-06 10:30:22', 'OUT');
INSERT INTO `record` VALUES (236, 111111111, '2019-06-06 11:00:00', 'IN');
INSERT INTO `record` VALUES (237, 222222222, '2019-06-06 11:00:02', 'IN');
INSERT INTO `record` VALUES (238, 333333333, '2019-06-06 11:00:04', 'IN');
INSERT INTO `record` VALUES (239, 444444444, '2019-06-06 11:00:06', 'IN');
INSERT INTO `record` VALUES (240, 555555555, '2019-06-06 11:00:03', 'IN');
INSERT INTO `record` VALUES (241, 666666666, '2019-06-06 11:00:01', 'IN');
INSERT INTO `record` VALUES (242, 777777777, '2019-06-06 11:00:07', 'IN');
INSERT INTO `record` VALUES (243, 888888888, '2019-06-06 11:00:10', 'IN');
INSERT INTO `record` VALUES (244, 888888889, '2019-06-06 11:00:11', 'IN');
INSERT INTO `record` VALUES (245, 101010101, '2019-06-06 11:00:22', 'IN');
INSERT INTO `record` VALUES (246, 111111111, '2019-06-06 16:00:00', 'OUT');
INSERT INTO `record` VALUES (247, 222222222, '2019-06-06 16:00:02', 'OUT');
INSERT INTO `record` VALUES (248, 333333333, '2019-06-06 16:00:04', 'OUT');
INSERT INTO `record` VALUES (249, 444444444, '2019-06-06 16:00:06', 'OUT');
INSERT INTO `record` VALUES (250, 555555555, '2019-06-06 16:00:03', 'OUT');
INSERT INTO `record` VALUES (251, 666666666, '2019-06-06 16:00:01', 'OUT');
INSERT INTO `record` VALUES (252, 777777777, '2019-06-06 16:00:07', 'OUT');
INSERT INTO `record` VALUES (253, 888888888, '2019-06-06 16:00:10', 'OUT');
INSERT INTO `record` VALUES (254, 888888889, '2019-06-06 16:00:11', 'OUT');
INSERT INTO `record` VALUES (255, 101010101, '2019-06-06 16:00:22', 'OUT');
INSERT INTO `record` VALUES (256, 111111111, '2019-06-07 08:00:00', 'IN');
INSERT INTO `record` VALUES (257, 222222222, '2019-06-07 08:00:02', 'IN');
INSERT INTO `record` VALUES (258, 333333333, '2019-06-07 08:00:04', 'IN');
INSERT INTO `record` VALUES (259, 444444444, '2019-06-07 08:00:06', 'IN');
INSERT INTO `record` VALUES (260, 555555555, '2019-06-07 08:00:03', 'IN');
INSERT INTO `record` VALUES (261, 666666666, '2019-06-07 08:00:01', 'IN');
INSERT INTO `record` VALUES (262, 777777777, '2019-06-07 08:00:07', 'IN');
INSERT INTO `record` VALUES (263, 888888888, '2019-06-07 08:00:10', 'IN');
INSERT INTO `record` VALUES (264, 888888889, '2019-06-07 08:00:11', 'IN');
INSERT INTO `record` VALUES (265, 101010101, '2019-06-07 08:00:22', 'IN');
INSERT INTO `record` VALUES (266, 111111111, '2019-06-07 10:30:00', 'OUT');
INSERT INTO `record` VALUES (267, 222222222, '2019-06-07 10:30:02', 'OUT');
INSERT INTO `record` VALUES (268, 333333333, '2019-06-07 10:30:04', 'OUT');
INSERT INTO `record` VALUES (269, 444444444, '2019-06-07 10:30:06', 'OUT');
INSERT INTO `record` VALUES (270, 555555555, '2019-06-07 10:30:03', 'OUT');
INSERT INTO `record` VALUES (271, 666666666, '2019-06-07 10:30:01', 'OUT');
INSERT INTO `record` VALUES (272, 777777777, '2019-06-07 10:30:07', 'OUT');
INSERT INTO `record` VALUES (273, 888888888, '2019-06-07 10:30:10', 'OUT');
INSERT INTO `record` VALUES (274, 888888889, '2019-06-07 10:30:11', 'OUT');
INSERT INTO `record` VALUES (275, 101010101, '2019-06-07 10:30:22', 'OUT');
INSERT INTO `record` VALUES (276, 111111111, '2019-06-07 11:00:00', 'IN');
INSERT INTO `record` VALUES (277, 222222222, '2019-06-07 11:00:02', 'IN');
INSERT INTO `record` VALUES (278, 333333333, '2019-06-07 11:00:04', 'IN');
INSERT INTO `record` VALUES (279, 444444444, '2019-06-07 11:00:06', 'IN');
INSERT INTO `record` VALUES (280, 555555555, '2019-06-07 11:00:03', 'IN');
INSERT INTO `record` VALUES (281, 666666666, '2019-06-07 11:00:01', 'IN');
INSERT INTO `record` VALUES (282, 777777777, '2019-06-07 11:00:07', 'IN');
INSERT INTO `record` VALUES (283, 888888888, '2019-06-07 11:00:10', 'IN');
INSERT INTO `record` VALUES (284, 888888889, '2019-06-07 11:00:11', 'IN');
INSERT INTO `record` VALUES (285, 101010101, '2019-06-07 11:00:22', 'IN');
INSERT INTO `record` VALUES (286, 111111111, '2019-06-07 16:00:00', 'OUT');
INSERT INTO `record` VALUES (287, 222222222, '2019-06-07 16:00:02', 'OUT');
INSERT INTO `record` VALUES (288, 333333333, '2019-06-07 16:00:04', 'OUT');
INSERT INTO `record` VALUES (289, 444444444, '2019-06-07 16:00:06', 'OUT');
INSERT INTO `record` VALUES (290, 555555555, '2019-06-07 16:00:03', 'OUT');
INSERT INTO `record` VALUES (291, 666666666, '2019-06-07 16:00:01', 'OUT');
INSERT INTO `record` VALUES (292, 777777777, '2019-06-07 16:00:07', 'OUT');
INSERT INTO `record` VALUES (293, 888888888, '2019-06-07 16:00:10', 'OUT');
INSERT INTO `record` VALUES (294, 888888889, '2019-06-07 16:00:11', 'OUT');
INSERT INTO `record` VALUES (295, 101010101, '2019-06-07 16:00:22', 'OUT');
INSERT INTO `record` VALUES (296, 111111111, '2019-06-10 08:00:00', 'IN');
INSERT INTO `record` VALUES (297, 222222222, '2019-06-10 08:00:02', 'IN');
INSERT INTO `record` VALUES (298, 333333333, '2019-06-10 08:00:04', 'IN');
INSERT INTO `record` VALUES (299, 444444444, '2019-06-10 08:00:06', 'IN');
INSERT INTO `record` VALUES (300, 555555555, '2019-06-10 08:00:03', 'IN');
INSERT INTO `record` VALUES (301, 666666666, '2019-06-10 08:00:01', 'IN');
INSERT INTO `record` VALUES (302, 777777777, '2019-06-10 08:00:07', 'IN');
INSERT INTO `record` VALUES (303, 888888888, '2019-06-10 08:00:10', 'IN');
INSERT INTO `record` VALUES (304, 888888889, '2019-06-10 08:00:11', 'IN');
INSERT INTO `record` VALUES (305, 101010101, '2019-06-10 08:00:22', 'IN');
INSERT INTO `record` VALUES (306, 111111111, '2019-06-10 10:30:00', 'OUT');
INSERT INTO `record` VALUES (307, 222222222, '2019-06-10 10:30:02', 'OUT');
INSERT INTO `record` VALUES (308, 333333333, '2019-06-10 10:30:04', 'OUT');
INSERT INTO `record` VALUES (309, 444444444, '2019-06-10 10:30:06', 'OUT');
INSERT INTO `record` VALUES (310, 555555555, '2019-06-10 10:30:03', 'OUT');
INSERT INTO `record` VALUES (311, 666666666, '2019-06-10 10:30:01', 'OUT');
INSERT INTO `record` VALUES (312, 777777777, '2019-06-10 10:30:07', 'OUT');
INSERT INTO `record` VALUES (313, 888888888, '2019-06-10 10:30:10', 'OUT');
INSERT INTO `record` VALUES (314, 888888889, '2019-06-10 10:30:11', 'OUT');
INSERT INTO `record` VALUES (315, 101010101, '2019-06-10 10:30:22', 'OUT');
INSERT INTO `record` VALUES (316, 111111111, '2019-06-10 11:00:00', 'IN');
INSERT INTO `record` VALUES (317, 222222222, '2019-06-10 11:00:02', 'IN');
INSERT INTO `record` VALUES (318, 333333333, '2019-06-10 11:00:04', 'IN');
INSERT INTO `record` VALUES (319, 444444444, '2019-06-10 11:00:06', 'IN');
INSERT INTO `record` VALUES (320, 555555555, '2019-06-10 11:00:03', 'IN');
INSERT INTO `record` VALUES (321, 666666666, '2019-06-10 11:00:01', 'IN');
INSERT INTO `record` VALUES (322, 777777777, '2019-06-10 11:00:07', 'IN');
INSERT INTO `record` VALUES (323, 888888888, '2019-06-10 11:00:10', 'IN');
INSERT INTO `record` VALUES (324, 888888889, '2019-06-10 11:00:11', 'IN');
INSERT INTO `record` VALUES (325, 101010101, '2019-06-10 11:00:22', 'IN');
INSERT INTO `record` VALUES (326, 111111111, '2019-06-10 16:00:00', 'OUT');
INSERT INTO `record` VALUES (327, 222222222, '2019-06-10 16:00:02', 'OUT');
INSERT INTO `record` VALUES (328, 333333333, '2019-06-10 16:00:04', 'OUT');
INSERT INTO `record` VALUES (329, 444444444, '2019-06-10 16:00:06', 'OUT');
INSERT INTO `record` VALUES (330, 555555555, '2019-06-10 16:00:03', 'OUT');
INSERT INTO `record` VALUES (331, 666666666, '2019-06-10 16:00:01', 'OUT');
INSERT INTO `record` VALUES (332, 777777777, '2019-06-10 16:00:07', 'OUT');
INSERT INTO `record` VALUES (333, 888888888, '2019-06-10 16:00:10', 'OUT');
INSERT INTO `record` VALUES (334, 888888889, '2019-06-10 16:00:11', 'OUT');
INSERT INTO `record` VALUES (335, 101010101, '2019-06-10 16:00:22', 'OUT');
INSERT INTO `record` VALUES (336, 111111111, '2019-06-11 08:00:00', 'IN');
INSERT INTO `record` VALUES (337, 222222222, '2019-06-11 08:00:02', 'IN');
INSERT INTO `record` VALUES (338, 333333333, '2019-06-11 08:00:04', 'IN');
INSERT INTO `record` VALUES (339, 444444444, '2019-06-11 08:00:06', 'IN');
INSERT INTO `record` VALUES (340, 555555555, '2019-06-11 08:00:03', 'IN');
INSERT INTO `record` VALUES (341, 666666666, '2019-06-11 08:00:01', 'IN');
INSERT INTO `record` VALUES (342, 777777777, '2019-06-11 08:00:07', 'IN');
INSERT INTO `record` VALUES (343, 888888888, '2019-06-11 08:00:10', 'IN');
INSERT INTO `record` VALUES (344, 888888889, '2019-06-11 08:00:11', 'IN');
INSERT INTO `record` VALUES (345, 101010101, '2019-06-11 08:00:22', 'IN');
INSERT INTO `record` VALUES (346, 111111111, '2019-06-11 10:30:00', 'OUT');
INSERT INTO `record` VALUES (347, 222222222, '2019-06-11 10:30:02', 'OUT');
INSERT INTO `record` VALUES (348, 333333333, '2019-06-11 10:30:04', 'OUT');
INSERT INTO `record` VALUES (349, 444444444, '2019-06-11 10:30:06', 'OUT');
INSERT INTO `record` VALUES (350, 555555555, '2019-06-11 10:30:03', 'OUT');
INSERT INTO `record` VALUES (351, 666666666, '2019-06-11 10:30:01', 'OUT');
INSERT INTO `record` VALUES (352, 777777777, '2019-06-11 10:30:07', 'OUT');
INSERT INTO `record` VALUES (353, 888888888, '2019-06-11 10:30:10', 'OUT');
INSERT INTO `record` VALUES (354, 888888889, '2019-06-11 10:30:11', 'OUT');
INSERT INTO `record` VALUES (355, 101010101, '2019-06-11 10:30:22', 'OUT');
INSERT INTO `record` VALUES (356, 111111111, '2019-06-11 11:00:00', 'IN');
INSERT INTO `record` VALUES (357, 222222222, '2019-06-11 11:00:02', 'IN');
INSERT INTO `record` VALUES (358, 333333333, '2019-06-11 11:00:04', 'IN');
INSERT INTO `record` VALUES (359, 444444444, '2019-06-11 11:00:06', 'IN');
INSERT INTO `record` VALUES (360, 555555555, '2019-06-11 11:00:03', 'IN');
INSERT INTO `record` VALUES (361, 666666666, '2019-06-11 11:00:01', 'IN');
INSERT INTO `record` VALUES (362, 777777777, '2019-06-11 11:00:07', 'IN');
INSERT INTO `record` VALUES (363, 888888888, '2019-06-11 11:00:10', 'IN');
INSERT INTO `record` VALUES (364, 888888889, '2019-06-11 11:00:11', 'IN');
INSERT INTO `record` VALUES (365, 101010101, '2019-06-11 11:00:22', 'IN');
INSERT INTO `record` VALUES (366, 111111111, '2019-06-11 16:00:00', 'OUT');
INSERT INTO `record` VALUES (367, 222222222, '2019-06-11 16:00:02', 'OUT');
INSERT INTO `record` VALUES (368, 333333333, '2019-06-11 16:00:04', 'OUT');
INSERT INTO `record` VALUES (369, 444444444, '2019-06-11 16:00:06', 'OUT');
INSERT INTO `record` VALUES (370, 555555555, '2019-06-11 16:00:03', 'OUT');
INSERT INTO `record` VALUES (371, 666666666, '2019-06-11 16:00:01', 'OUT');
INSERT INTO `record` VALUES (372, 777777777, '2019-06-11 16:00:07', 'OUT');
INSERT INTO `record` VALUES (373, 888888888, '2019-06-11 16:00:10', 'OUT');
INSERT INTO `record` VALUES (374, 888888889, '2019-06-11 16:00:11', 'OUT');
INSERT INTO `record` VALUES (375, 101010101, '2019-06-11 16:00:22', 'OUT');
INSERT INTO `record` VALUES (376, 111111111, '2019-06-12 08:00:00', 'IN');
INSERT INTO `record` VALUES (377, 222222222, '2019-06-12 08:00:02', 'IN');
INSERT INTO `record` VALUES (378, 333333333, '2019-06-12 08:00:04', 'IN');
INSERT INTO `record` VALUES (379, 444444444, '2019-06-12 08:00:06', 'IN');
INSERT INTO `record` VALUES (380, 555555555, '2019-06-12 08:00:03', 'IN');
INSERT INTO `record` VALUES (381, 666666666, '2019-06-12 08:00:01', 'IN');
INSERT INTO `record` VALUES (382, 777777777, '2019-06-12 08:00:07', 'IN');
INSERT INTO `record` VALUES (383, 888888888, '2019-06-12 08:00:10', 'IN');
INSERT INTO `record` VALUES (384, 888888889, '2019-06-12 08:00:11', 'IN');
INSERT INTO `record` VALUES (385, 101010101, '2019-06-12 08:00:22', 'IN');
INSERT INTO `record` VALUES (386, 111111111, '2019-06-12 10:30:00', 'OUT');
INSERT INTO `record` VALUES (387, 222222222, '2019-06-12 10:30:02', 'OUT');
INSERT INTO `record` VALUES (388, 333333333, '2019-06-12 10:30:04', 'OUT');
INSERT INTO `record` VALUES (389, 444444444, '2019-06-12 10:30:06', 'OUT');
INSERT INTO `record` VALUES (390, 555555555, '2019-06-12 10:30:03', 'OUT');
INSERT INTO `record` VALUES (391, 666666666, '2019-06-12 10:30:01', 'OUT');
INSERT INTO `record` VALUES (392, 777777777, '2019-06-12 10:30:07', 'OUT');
INSERT INTO `record` VALUES (393, 888888888, '2019-06-12 10:30:10', 'OUT');
INSERT INTO `record` VALUES (394, 888888889, '2019-06-12 10:30:11', 'OUT');
INSERT INTO `record` VALUES (395, 101010101, '2019-06-12 10:30:22', 'OUT');
INSERT INTO `record` VALUES (396, 111111111, '2019-06-12 11:00:00', 'IN');
INSERT INTO `record` VALUES (397, 222222222, '2019-06-12 11:00:02', 'IN');
INSERT INTO `record` VALUES (398, 333333333, '2019-06-12 11:00:04', 'IN');
INSERT INTO `record` VALUES (399, 444444444, '2019-06-12 11:00:06', 'IN');
INSERT INTO `record` VALUES (400, 555555555, '2019-06-12 11:00:03', 'IN');
INSERT INTO `record` VALUES (401, 666666666, '2019-06-12 11:00:01', 'IN');
INSERT INTO `record` VALUES (402, 777777777, '2019-06-12 11:00:07', 'IN');
INSERT INTO `record` VALUES (403, 888888888, '2019-06-12 11:00:10', 'IN');
INSERT INTO `record` VALUES (404, 888888889, '2019-06-12 11:00:11', 'IN');
INSERT INTO `record` VALUES (405, 101010101, '2019-06-12 11:00:22', 'IN');
INSERT INTO `record` VALUES (406, 111111111, '2019-06-12 16:00:00', 'OUT');
INSERT INTO `record` VALUES (407, 222222222, '2019-06-12 16:00:02', 'OUT');
INSERT INTO `record` VALUES (408, 333333333, '2019-06-12 16:00:04', 'OUT');
INSERT INTO `record` VALUES (409, 444444444, '2019-06-12 16:00:06', 'OUT');
INSERT INTO `record` VALUES (410, 555555555, '2019-06-12 16:00:03', 'OUT');
INSERT INTO `record` VALUES (411, 666666666, '2019-06-12 16:00:01', 'OUT');
INSERT INTO `record` VALUES (412, 777777777, '2019-06-12 16:00:07', 'OUT');
INSERT INTO `record` VALUES (413, 888888888, '2019-06-12 16:00:10', 'OUT');
INSERT INTO `record` VALUES (414, 888888889, '2019-06-12 16:00:11', 'OUT');
INSERT INTO `record` VALUES (415, 101010101, '2019-06-12 16:00:22', 'OUT');
INSERT INTO `record` VALUES (416, 111111111, '2019-06-13 08:00:00', 'IN');
INSERT INTO `record` VALUES (417, 222222222, '2019-06-13 08:00:02', 'IN');
INSERT INTO `record` VALUES (418, 333333333, '2019-06-13 08:00:04', 'IN');
INSERT INTO `record` VALUES (419, 444444444, '2019-06-13 08:00:06', 'IN');
INSERT INTO `record` VALUES (420, 555555555, '2019-06-13 08:00:03', 'IN');
INSERT INTO `record` VALUES (421, 666666666, '2019-06-13 08:00:01', 'IN');
INSERT INTO `record` VALUES (422, 777777777, '2019-06-13 08:00:07', 'IN');
INSERT INTO `record` VALUES (423, 888888888, '2019-06-13 08:00:10', 'IN');
INSERT INTO `record` VALUES (424, 888888889, '2019-06-13 08:00:11', 'IN');
INSERT INTO `record` VALUES (425, 101010101, '2019-06-13 08:00:22', 'IN');
INSERT INTO `record` VALUES (426, 111111111, '2019-06-13 10:30:00', 'OUT');
INSERT INTO `record` VALUES (427, 222222222, '2019-06-13 10:30:02', 'OUT');
INSERT INTO `record` VALUES (428, 333333333, '2019-06-13 10:30:04', 'OUT');
INSERT INTO `record` VALUES (429, 444444444, '2019-06-13 10:30:06', 'OUT');
INSERT INTO `record` VALUES (430, 555555555, '2019-06-13 10:30:03', 'OUT');
INSERT INTO `record` VALUES (431, 666666666, '2019-06-13 10:30:01', 'OUT');
INSERT INTO `record` VALUES (432, 777777777, '2019-06-13 10:30:07', 'OUT');
INSERT INTO `record` VALUES (433, 888888888, '2019-06-13 10:30:10', 'OUT');
INSERT INTO `record` VALUES (434, 888888889, '2019-06-13 10:30:11', 'OUT');
INSERT INTO `record` VALUES (435, 101010101, '2019-06-13 10:30:22', 'OUT');
INSERT INTO `record` VALUES (436, 111111111, '2019-06-13 11:00:00', 'IN');
INSERT INTO `record` VALUES (437, 222222222, '2019-06-13 11:00:02', 'IN');
INSERT INTO `record` VALUES (438, 333333333, '2019-06-13 11:00:04', 'IN');
INSERT INTO `record` VALUES (439, 444444444, '2019-06-13 11:00:06', 'IN');
INSERT INTO `record` VALUES (440, 555555555, '2019-06-13 11:00:03', 'IN');
INSERT INTO `record` VALUES (441, 666666666, '2019-06-13 11:00:01', 'IN');
INSERT INTO `record` VALUES (442, 777777777, '2019-06-13 11:00:07', 'IN');
INSERT INTO `record` VALUES (443, 888888888, '2019-06-13 11:00:10', 'IN');
INSERT INTO `record` VALUES (444, 888888889, '2019-06-13 11:00:11', 'IN');
INSERT INTO `record` VALUES (445, 101010101, '2019-06-13 11:00:22', 'IN');
INSERT INTO `record` VALUES (446, 111111111, '2019-06-13 16:00:00', 'OUT');
INSERT INTO `record` VALUES (447, 222222222, '2019-06-13 16:00:02', 'OUT');
INSERT INTO `record` VALUES (448, 333333333, '2019-06-13 16:00:04', 'OUT');
INSERT INTO `record` VALUES (449, 444444444, '2019-06-13 16:00:06', 'OUT');
INSERT INTO `record` VALUES (450, 555555555, '2019-06-13 16:00:03', 'OUT');
INSERT INTO `record` VALUES (451, 666666666, '2019-06-13 16:00:01', 'OUT');
INSERT INTO `record` VALUES (452, 777777777, '2019-06-13 16:00:07', 'OUT');
INSERT INTO `record` VALUES (453, 888888888, '2019-06-13 16:00:10', 'OUT');
INSERT INTO `record` VALUES (454, 888888889, '2019-06-13 16:00:11', 'OUT');
INSERT INTO `record` VALUES (455, 101010101, '2019-06-13 16:00:22', 'OUT');
INSERT INTO `record` VALUES (456, 111111111, '2019-06-14 08:00:00', 'IN');
INSERT INTO `record` VALUES (457, 222222222, '2019-06-14 08:00:02', 'IN');
INSERT INTO `record` VALUES (458, 333333333, '2019-06-14 08:00:04', 'IN');
INSERT INTO `record` VALUES (459, 444444444, '2019-06-14 08:00:06', 'IN');
INSERT INTO `record` VALUES (460, 555555555, '2019-06-14 08:00:03', 'IN');
INSERT INTO `record` VALUES (461, 666666666, '2019-06-14 08:00:01', 'IN');
INSERT INTO `record` VALUES (462, 777777777, '2019-06-14 08:00:07', 'IN');
INSERT INTO `record` VALUES (463, 888888888, '2019-06-14 08:00:10', 'IN');
INSERT INTO `record` VALUES (464, 888888889, '2019-06-14 08:00:11', 'IN');
INSERT INTO `record` VALUES (465, 101010101, '2019-06-14 08:00:22', 'IN');
INSERT INTO `record` VALUES (466, 111111111, '2019-06-14 10:30:00', 'OUT');
INSERT INTO `record` VALUES (467, 222222222, '2019-06-14 10:30:02', 'OUT');
INSERT INTO `record` VALUES (468, 333333333, '2019-06-14 10:30:04', 'OUT');
INSERT INTO `record` VALUES (469, 444444444, '2019-06-14 10:30:06', 'OUT');
INSERT INTO `record` VALUES (470, 555555555, '2019-06-14 10:30:03', 'OUT');
INSERT INTO `record` VALUES (471, 666666666, '2019-06-14 10:30:01', 'OUT');
INSERT INTO `record` VALUES (472, 777777777, '2019-06-14 10:30:07', 'OUT');
INSERT INTO `record` VALUES (473, 888888888, '2019-06-14 10:30:10', 'OUT');
INSERT INTO `record` VALUES (474, 888888889, '2019-06-14 10:30:11', 'OUT');
INSERT INTO `record` VALUES (475, 101010101, '2019-06-14 10:30:22', 'OUT');
INSERT INTO `record` VALUES (476, 111111111, '2019-06-14 11:00:00', 'IN');
INSERT INTO `record` VALUES (477, 222222222, '2019-06-14 11:00:02', 'IN');
INSERT INTO `record` VALUES (478, 333333333, '2019-06-14 11:00:04', 'IN');
INSERT INTO `record` VALUES (479, 444444444, '2019-06-14 11:00:06', 'IN');
INSERT INTO `record` VALUES (480, 555555555, '2019-06-14 11:00:03', 'IN');
INSERT INTO `record` VALUES (481, 666666666, '2019-06-14 11:00:01', 'IN');
INSERT INTO `record` VALUES (482, 777777777, '2019-06-14 11:00:07', 'IN');
INSERT INTO `record` VALUES (483, 888888888, '2019-06-14 11:00:10', 'IN');
INSERT INTO `record` VALUES (484, 888888889, '2019-06-14 11:00:11', 'IN');
INSERT INTO `record` VALUES (485, 101010101, '2019-06-14 11:00:22', 'IN');
INSERT INTO `record` VALUES (486, 111111111, '2019-06-14 16:00:00', 'OUT');
INSERT INTO `record` VALUES (487, 222222222, '2019-06-14 16:00:02', 'OUT');
INSERT INTO `record` VALUES (488, 333333333, '2019-06-14 16:00:04', 'OUT');
INSERT INTO `record` VALUES (489, 444444444, '2019-06-14 16:00:06', 'OUT');
INSERT INTO `record` VALUES (490, 555555555, '2019-06-14 16:00:03', 'OUT');
INSERT INTO `record` VALUES (491, 666666666, '2019-06-14 16:00:01', 'OUT');
INSERT INTO `record` VALUES (492, 777777777, '2019-06-14 16:00:07', 'OUT');
INSERT INTO `record` VALUES (493, 888888888, '2019-06-14 16:00:10', 'OUT');
INSERT INTO `record` VALUES (494, 888888889, '2019-06-14 16:00:11', 'OUT');
INSERT INTO `record` VALUES (495, 101010101, '2019-06-14 16:00:22', 'OUT');
INSERT INTO `record` VALUES (496, 111111111, '2019-06-17 08:00:00', 'IN');
INSERT INTO `record` VALUES (497, 222222222, '2019-06-17 08:00:02', 'IN');
INSERT INTO `record` VALUES (498, 333333333, '2019-06-17 08:00:04', 'IN');
INSERT INTO `record` VALUES (499, 444444444, '2019-06-17 08:00:06', 'IN');
INSERT INTO `record` VALUES (500, 555555555, '2019-06-17 08:00:03', 'IN');
INSERT INTO `record` VALUES (501, 666666666, '2019-06-17 08:00:01', 'IN');
INSERT INTO `record` VALUES (502, 777777777, '2019-06-17 08:00:07', 'IN');
INSERT INTO `record` VALUES (503, 888888888, '2019-06-17 08:00:10', 'IN');
INSERT INTO `record` VALUES (504, 888888889, '2019-06-17 08:00:11', 'IN');
INSERT INTO `record` VALUES (505, 101010101, '2019-06-17 08:00:22', 'IN');
INSERT INTO `record` VALUES (506, 111111111, '2019-06-17 10:30:00', 'OUT');
INSERT INTO `record` VALUES (507, 222222222, '2019-06-17 10:30:02', 'OUT');
INSERT INTO `record` VALUES (508, 333333333, '2019-06-17 10:30:04', 'OUT');
INSERT INTO `record` VALUES (509, 444444444, '2019-06-17 10:30:06', 'OUT');
INSERT INTO `record` VALUES (510, 555555555, '2019-06-17 10:30:03', 'OUT');
INSERT INTO `record` VALUES (511, 666666666, '2019-06-17 10:30:01', 'OUT');
INSERT INTO `record` VALUES (512, 777777777, '2019-06-17 10:30:07', 'OUT');
INSERT INTO `record` VALUES (513, 888888888, '2019-06-17 10:30:10', 'OUT');
INSERT INTO `record` VALUES (514, 888888889, '2019-06-17 10:30:11', 'OUT');
INSERT INTO `record` VALUES (515, 101010101, '2019-06-17 10:30:22', 'OUT');
INSERT INTO `record` VALUES (516, 111111111, '2019-06-17 11:00:00', 'IN');
INSERT INTO `record` VALUES (517, 222222222, '2019-06-17 11:00:02', 'IN');
INSERT INTO `record` VALUES (518, 333333333, '2019-06-17 11:00:04', 'IN');
INSERT INTO `record` VALUES (519, 444444444, '2019-06-17 11:00:06', 'IN');
INSERT INTO `record` VALUES (520, 555555555, '2019-06-17 11:00:03', 'IN');
INSERT INTO `record` VALUES (521, 666666666, '2019-06-17 11:00:01', 'IN');
INSERT INTO `record` VALUES (522, 777777777, '2019-06-17 11:00:07', 'IN');
INSERT INTO `record` VALUES (523, 888888888, '2019-06-17 11:00:10', 'IN');
INSERT INTO `record` VALUES (524, 888888889, '2019-06-17 11:00:11', 'IN');
INSERT INTO `record` VALUES (525, 101010101, '2019-06-17 11:00:22', 'IN');
INSERT INTO `record` VALUES (526, 111111111, '2019-06-17 16:00:00', 'OUT');
INSERT INTO `record` VALUES (527, 222222222, '2019-06-17 16:00:02', 'OUT');
INSERT INTO `record` VALUES (528, 333333333, '2019-06-17 16:00:04', 'OUT');
INSERT INTO `record` VALUES (529, 444444444, '2019-06-17 16:00:06', 'OUT');
INSERT INTO `record` VALUES (530, 555555555, '2019-06-17 16:00:03', 'OUT');
INSERT INTO `record` VALUES (531, 666666666, '2019-06-17 16:00:01', 'OUT');
INSERT INTO `record` VALUES (532, 777777777, '2019-06-17 16:00:07', 'OUT');
INSERT INTO `record` VALUES (533, 888888888, '2019-06-17 16:00:10', 'OUT');
INSERT INTO `record` VALUES (534, 888888889, '2019-06-17 16:00:11', 'OUT');
INSERT INTO `record` VALUES (535, 101010101, '2019-06-17 16:00:22', 'OUT');
INSERT INTO `record` VALUES (536, 111111111, '2019-06-18 08:00:00', 'IN');
INSERT INTO `record` VALUES (537, 222222222, '2019-06-18 08:00:02', 'IN');
INSERT INTO `record` VALUES (538, 333333333, '2019-06-18 08:00:04', 'IN');
INSERT INTO `record` VALUES (539, 444444444, '2019-06-18 08:00:06', 'IN');
INSERT INTO `record` VALUES (540, 555555555, '2019-06-18 08:00:03', 'IN');
INSERT INTO `record` VALUES (541, 666666666, '2019-06-18 08:00:01', 'IN');
INSERT INTO `record` VALUES (542, 777777777, '2019-06-18 08:00:07', 'IN');
INSERT INTO `record` VALUES (543, 888888888, '2019-06-18 08:00:10', 'IN');
INSERT INTO `record` VALUES (544, 888888889, '2019-06-18 08:00:11', 'IN');
INSERT INTO `record` VALUES (545, 101010101, '2019-06-18 08:00:22', 'IN');
INSERT INTO `record` VALUES (546, 111111111, '2019-06-18 10:30:00', 'OUT');
INSERT INTO `record` VALUES (547, 222222222, '2019-06-18 10:30:02', 'OUT');
INSERT INTO `record` VALUES (548, 333333333, '2019-06-18 10:30:04', 'OUT');
INSERT INTO `record` VALUES (549, 444444444, '2019-06-18 10:30:06', 'OUT');
INSERT INTO `record` VALUES (550, 555555555, '2019-06-18 10:30:03', 'OUT');
INSERT INTO `record` VALUES (551, 666666666, '2019-06-18 10:30:01', 'OUT');
INSERT INTO `record` VALUES (552, 777777777, '2019-06-18 10:30:07', 'OUT');
INSERT INTO `record` VALUES (553, 888888888, '2019-06-18 10:30:10', 'OUT');
INSERT INTO `record` VALUES (554, 888888889, '2019-06-18 10:30:11', 'OUT');
INSERT INTO `record` VALUES (555, 101010101, '2019-06-18 10:30:22', 'OUT');
INSERT INTO `record` VALUES (556, 111111111, '2019-06-18 11:00:00', 'IN');
INSERT INTO `record` VALUES (557, 222222222, '2019-06-18 11:00:02', 'IN');
INSERT INTO `record` VALUES (558, 333333333, '2019-06-18 11:00:04', 'IN');
INSERT INTO `record` VALUES (559, 444444444, '2019-06-18 11:00:06', 'IN');
INSERT INTO `record` VALUES (560, 555555555, '2019-06-18 11:00:03', 'IN');
INSERT INTO `record` VALUES (561, 666666666, '2019-06-18 11:00:01', 'IN');
INSERT INTO `record` VALUES (562, 777777777, '2019-06-18 11:00:07', 'IN');
INSERT INTO `record` VALUES (563, 888888888, '2019-06-18 11:00:10', 'IN');
INSERT INTO `record` VALUES (564, 888888889, '2019-06-18 11:00:11', 'IN');
INSERT INTO `record` VALUES (565, 101010101, '2019-06-18 11:00:22', 'IN');
INSERT INTO `record` VALUES (566, 111111111, '2019-06-18 16:00:00', 'OUT');
INSERT INTO `record` VALUES (567, 222222222, '2019-06-18 16:00:02', 'OUT');
INSERT INTO `record` VALUES (568, 333333333, '2019-06-18 16:00:04', 'OUT');
INSERT INTO `record` VALUES (569, 444444444, '2019-06-18 16:00:06', 'OUT');
INSERT INTO `record` VALUES (570, 555555555, '2019-06-18 16:00:03', 'OUT');
INSERT INTO `record` VALUES (571, 666666666, '2019-06-18 16:00:01', 'OUT');
INSERT INTO `record` VALUES (572, 777777777, '2019-06-18 16:00:07', 'OUT');
INSERT INTO `record` VALUES (573, 888888888, '2019-06-18 16:00:10', 'OUT');
INSERT INTO `record` VALUES (574, 888888889, '2019-06-18 16:00:11', 'OUT');
INSERT INTO `record` VALUES (575, 101010101, '2019-06-18 16:00:22', 'OUT');
INSERT INTO `record` VALUES (576, 111111111, '2019-06-19 08:00:00', 'IN');
INSERT INTO `record` VALUES (577, 222222222, '2019-06-19 08:00:02', 'IN');
INSERT INTO `record` VALUES (578, 333333333, '2019-06-19 08:00:04', 'IN');
INSERT INTO `record` VALUES (579, 444444444, '2019-06-19 08:00:06', 'IN');
INSERT INTO `record` VALUES (580, 555555555, '2019-06-19 08:00:03', 'IN');
INSERT INTO `record` VALUES (581, 666666666, '2019-06-19 08:00:01', 'IN');
INSERT INTO `record` VALUES (582, 777777777, '2019-06-19 08:00:07', 'IN');
INSERT INTO `record` VALUES (583, 888888888, '2019-06-19 08:00:10', 'IN');
INSERT INTO `record` VALUES (584, 888888889, '2019-06-19 08:00:11', 'IN');
INSERT INTO `record` VALUES (585, 101010101, '2019-06-19 08:00:22', 'IN');
INSERT INTO `record` VALUES (586, 111111111, '2019-06-19 10:30:00', 'OUT');
INSERT INTO `record` VALUES (587, 222222222, '2019-06-19 10:30:02', 'OUT');
INSERT INTO `record` VALUES (588, 333333333, '2019-06-19 10:30:04', 'OUT');
INSERT INTO `record` VALUES (589, 444444444, '2019-06-19 10:30:06', 'OUT');
INSERT INTO `record` VALUES (590, 555555555, '2019-06-19 10:30:03', 'OUT');
INSERT INTO `record` VALUES (591, 666666666, '2019-06-19 10:30:01', 'OUT');
INSERT INTO `record` VALUES (592, 777777777, '2019-06-19 10:30:07', 'OUT');
INSERT INTO `record` VALUES (593, 888888888, '2019-06-19 10:30:10', 'OUT');
INSERT INTO `record` VALUES (594, 888888889, '2019-06-19 10:30:11', 'OUT');
INSERT INTO `record` VALUES (595, 101010101, '2019-06-19 10:30:22', 'OUT');
INSERT INTO `record` VALUES (596, 111111111, '2019-06-19 11:00:00', 'IN');
INSERT INTO `record` VALUES (597, 222222222, '2019-06-19 11:00:02', 'IN');
INSERT INTO `record` VALUES (598, 333333333, '2019-06-19 11:00:04', 'IN');
INSERT INTO `record` VALUES (599, 444444444, '2019-06-19 11:00:06', 'IN');
INSERT INTO `record` VALUES (600, 555555555, '2019-06-19 11:00:03', 'IN');
INSERT INTO `record` VALUES (601, 666666666, '2019-06-19 11:00:01', 'IN');
INSERT INTO `record` VALUES (602, 777777777, '2019-06-19 11:00:07', 'IN');
INSERT INTO `record` VALUES (603, 888888888, '2019-06-19 11:00:10', 'IN');
INSERT INTO `record` VALUES (604, 888888889, '2019-06-19 11:00:11', 'IN');
INSERT INTO `record` VALUES (605, 101010101, '2019-06-19 11:00:22', 'IN');
INSERT INTO `record` VALUES (606, 111111111, '2019-06-19 16:00:00', 'OUT');
INSERT INTO `record` VALUES (607, 222222222, '2019-06-19 16:00:02', 'OUT');
INSERT INTO `record` VALUES (608, 333333333, '2019-06-19 16:00:04', 'OUT');
INSERT INTO `record` VALUES (609, 444444444, '2019-06-19 16:00:06', 'OUT');
INSERT INTO `record` VALUES (610, 555555555, '2019-06-19 16:00:03', 'OUT');
INSERT INTO `record` VALUES (611, 666666666, '2019-06-19 16:00:01', 'OUT');
INSERT INTO `record` VALUES (612, 777777777, '2019-06-19 16:00:07', 'OUT');
INSERT INTO `record` VALUES (613, 888888888, '2019-06-19 16:00:10', 'OUT');
INSERT INTO `record` VALUES (614, 888888889, '2019-06-19 16:00:11', 'OUT');
INSERT INTO `record` VALUES (615, 101010101, '2019-06-19 16:00:22', 'OUT');
INSERT INTO `record` VALUES (616, 111111111, '2019-06-20 08:00:00', 'IN');
INSERT INTO `record` VALUES (617, 222222222, '2019-06-20 08:00:02', 'IN');
INSERT INTO `record` VALUES (618, 333333333, '2019-06-20 08:00:04', 'IN');
INSERT INTO `record` VALUES (619, 444444444, '2019-06-20 08:00:06', 'IN');
INSERT INTO `record` VALUES (620, 555555555, '2019-06-20 08:00:03', 'IN');
INSERT INTO `record` VALUES (621, 666666666, '2019-06-20 08:00:01', 'IN');
INSERT INTO `record` VALUES (622, 777777777, '2019-06-20 08:00:07', 'IN');
INSERT INTO `record` VALUES (623, 888888888, '2019-06-20 08:00:10', 'IN');
INSERT INTO `record` VALUES (624, 888888889, '2019-06-20 08:00:11', 'IN');
INSERT INTO `record` VALUES (625, 101010101, '2019-06-20 08:00:22', 'IN');
INSERT INTO `record` VALUES (626, 111111111, '2019-06-20 10:30:00', 'OUT');
INSERT INTO `record` VALUES (627, 222222222, '2019-06-20 10:30:02', 'OUT');
INSERT INTO `record` VALUES (628, 333333333, '2019-06-20 10:30:04', 'OUT');
INSERT INTO `record` VALUES (629, 444444444, '2019-06-20 10:30:06', 'OUT');
INSERT INTO `record` VALUES (630, 555555555, '2019-06-20 10:30:03', 'OUT');
INSERT INTO `record` VALUES (631, 666666666, '2019-06-20 10:30:01', 'OUT');
INSERT INTO `record` VALUES (632, 777777777, '2019-06-20 10:30:07', 'OUT');
INSERT INTO `record` VALUES (633, 888888888, '2019-06-20 10:30:10', 'OUT');
INSERT INTO `record` VALUES (634, 888888889, '2019-06-20 10:30:11', 'OUT');
INSERT INTO `record` VALUES (635, 101010101, '2019-06-20 10:30:22', 'OUT');
INSERT INTO `record` VALUES (636, 111111111, '2019-06-20 11:00:00', 'IN');
INSERT INTO `record` VALUES (637, 222222222, '2019-06-20 11:00:02', 'IN');
INSERT INTO `record` VALUES (638, 333333333, '2019-06-20 11:00:04', 'IN');
INSERT INTO `record` VALUES (639, 444444444, '2019-06-20 11:00:06', 'IN');
INSERT INTO `record` VALUES (640, 555555555, '2019-06-20 11:00:03', 'IN');
INSERT INTO `record` VALUES (641, 666666666, '2019-06-20 11:00:01', 'IN');
INSERT INTO `record` VALUES (642, 777777777, '2019-06-20 11:00:07', 'IN');
INSERT INTO `record` VALUES (643, 888888888, '2019-06-20 11:00:10', 'IN');
INSERT INTO `record` VALUES (644, 888888889, '2019-06-20 11:00:11', 'IN');
INSERT INTO `record` VALUES (645, 101010101, '2019-06-20 11:00:22', 'IN');
INSERT INTO `record` VALUES (646, 111111111, '2019-06-20 16:00:00', 'OUT');
INSERT INTO `record` VALUES (647, 222222222, '2019-06-20 16:00:02', 'OUT');
INSERT INTO `record` VALUES (648, 333333333, '2019-06-20 16:00:04', 'OUT');
INSERT INTO `record` VALUES (649, 444444444, '2019-06-20 16:00:06', 'OUT');
INSERT INTO `record` VALUES (650, 555555555, '2019-06-20 16:00:03', 'OUT');
INSERT INTO `record` VALUES (651, 666666666, '2019-06-20 16:00:01', 'OUT');
INSERT INTO `record` VALUES (652, 777777777, '2019-06-20 16:00:07', 'OUT');
INSERT INTO `record` VALUES (653, 888888888, '2019-06-20 16:00:10', 'OUT');
INSERT INTO `record` VALUES (654, 888888889, '2019-06-20 16:00:11', 'OUT');
INSERT INTO `record` VALUES (655, 101010101, '2019-06-20 16:00:22', 'OUT');
INSERT INTO `record` VALUES (656, 111111111, '2019-06-21 08:00:00', 'IN');
INSERT INTO `record` VALUES (657, 222222222, '2019-06-21 08:00:02', 'IN');
INSERT INTO `record` VALUES (658, 333333333, '2019-06-21 08:00:04', 'IN');
INSERT INTO `record` VALUES (659, 444444444, '2019-06-21 08:00:06', 'IN');
INSERT INTO `record` VALUES (660, 555555555, '2019-06-21 08:00:03', 'IN');
INSERT INTO `record` VALUES (661, 666666666, '2019-06-21 08:00:01', 'IN');
INSERT INTO `record` VALUES (662, 777777777, '2019-06-21 08:00:07', 'IN');
INSERT INTO `record` VALUES (663, 888888888, '2019-06-21 08:00:10', 'IN');
INSERT INTO `record` VALUES (664, 888888889, '2019-06-21 08:00:11', 'IN');
INSERT INTO `record` VALUES (665, 101010101, '2019-06-21 08:00:22', 'IN');
INSERT INTO `record` VALUES (666, 111111111, '2019-06-21 10:30:00', 'OUT');
INSERT INTO `record` VALUES (667, 222222222, '2019-06-21 10:30:02', 'OUT');
INSERT INTO `record` VALUES (668, 333333333, '2019-06-21 10:30:04', 'OUT');
INSERT INTO `record` VALUES (669, 444444444, '2019-06-21 10:30:06', 'OUT');
INSERT INTO `record` VALUES (670, 555555555, '2019-06-21 10:30:03', 'OUT');
INSERT INTO `record` VALUES (671, 666666666, '2019-06-21 10:30:01', 'OUT');
INSERT INTO `record` VALUES (672, 777777777, '2019-06-21 10:30:07', 'OUT');
INSERT INTO `record` VALUES (673, 888888888, '2019-06-21 10:30:10', 'OUT');
INSERT INTO `record` VALUES (674, 888888889, '2019-06-21 10:30:11', 'OUT');
INSERT INTO `record` VALUES (675, 101010101, '2019-06-21 10:30:22', 'OUT');
INSERT INTO `record` VALUES (676, 111111111, '2019-06-21 11:00:00', 'IN');
INSERT INTO `record` VALUES (677, 222222222, '2019-06-21 11:00:02', 'IN');
INSERT INTO `record` VALUES (678, 333333333, '2019-06-21 11:00:04', 'IN');
INSERT INTO `record` VALUES (679, 444444444, '2019-06-21 11:00:06', 'IN');
INSERT INTO `record` VALUES (680, 555555555, '2019-06-21 11:00:03', 'IN');
INSERT INTO `record` VALUES (681, 666666666, '2019-06-21 11:00:01', 'IN');
INSERT INTO `record` VALUES (682, 777777777, '2019-06-21 11:00:07', 'IN');
INSERT INTO `record` VALUES (683, 888888888, '2019-06-21 11:00:10', 'IN');
INSERT INTO `record` VALUES (684, 888888889, '2019-06-21 11:00:11', 'IN');
INSERT INTO `record` VALUES (685, 101010101, '2019-06-21 11:00:22', 'IN');
INSERT INTO `record` VALUES (686, 111111111, '2019-06-21 16:00:00', 'OUT');
INSERT INTO `record` VALUES (687, 222222222, '2019-06-21 16:00:02', 'OUT');
INSERT INTO `record` VALUES (688, 333333333, '2019-06-21 16:00:04', 'OUT');
INSERT INTO `record` VALUES (689, 444444444, '2019-06-21 16:00:06', 'OUT');
INSERT INTO `record` VALUES (690, 555555555, '2019-06-21 16:00:03', 'OUT');
INSERT INTO `record` VALUES (691, 666666666, '2019-06-21 16:00:01', 'OUT');
INSERT INTO `record` VALUES (692, 777777777, '2019-06-21 16:00:07', 'OUT');
INSERT INTO `record` VALUES (693, 888888888, '2019-06-21 16:00:10', 'OUT');
INSERT INTO `record` VALUES (694, 888888889, '2019-06-21 16:00:11', 'OUT');
INSERT INTO `record` VALUES (695, 101010101, '2019-06-21 16:00:22', 'OUT');
INSERT INTO `record` VALUES (696, 111111111, '2019-06-24 08:00:00', 'IN');
INSERT INTO `record` VALUES (697, 222222222, '2019-06-24 08:00:02', 'IN');
INSERT INTO `record` VALUES (698, 333333333, '2019-06-24 08:00:04', 'IN');
INSERT INTO `record` VALUES (699, 444444444, '2019-06-24 08:00:06', 'IN');
INSERT INTO `record` VALUES (700, 555555555, '2019-06-24 08:00:03', 'IN');
INSERT INTO `record` VALUES (701, 666666666, '2019-06-24 08:00:01', 'IN');
INSERT INTO `record` VALUES (702, 777777777, '2019-06-24 08:00:07', 'IN');
INSERT INTO `record` VALUES (703, 888888888, '2019-06-24 08:00:10', 'IN');
INSERT INTO `record` VALUES (704, 888888889, '2019-06-24 08:00:11', 'IN');
INSERT INTO `record` VALUES (705, 101010101, '2019-06-24 08:00:22', 'IN');
INSERT INTO `record` VALUES (706, 111111111, '2019-06-24 10:30:00', 'OUT');
INSERT INTO `record` VALUES (707, 222222222, '2019-06-24 10:30:02', 'OUT');
INSERT INTO `record` VALUES (708, 333333333, '2019-06-24 10:30:04', 'OUT');
INSERT INTO `record` VALUES (709, 444444444, '2019-06-24 10:30:06', 'OUT');
INSERT INTO `record` VALUES (710, 555555555, '2019-06-24 10:30:03', 'OUT');
INSERT INTO `record` VALUES (711, 666666666, '2019-06-24 10:30:01', 'OUT');
INSERT INTO `record` VALUES (712, 777777777, '2019-06-24 10:30:07', 'OUT');
INSERT INTO `record` VALUES (713, 888888888, '2019-06-24 10:30:10', 'OUT');
INSERT INTO `record` VALUES (714, 888888889, '2019-06-24 10:30:11', 'OUT');
INSERT INTO `record` VALUES (715, 101010101, '2019-06-24 10:30:22', 'OUT');
INSERT INTO `record` VALUES (716, 111111111, '2019-06-24 11:00:00', 'IN');
INSERT INTO `record` VALUES (717, 222222222, '2019-06-24 11:00:02', 'IN');
INSERT INTO `record` VALUES (718, 333333333, '2019-06-24 11:00:04', 'IN');
INSERT INTO `record` VALUES (719, 444444444, '2019-06-24 11:00:06', 'IN');
INSERT INTO `record` VALUES (720, 555555555, '2019-06-24 11:00:03', 'IN');
INSERT INTO `record` VALUES (721, 666666666, '2019-06-24 11:00:01', 'IN');
INSERT INTO `record` VALUES (722, 777777777, '2019-06-24 11:00:07', 'IN');
INSERT INTO `record` VALUES (723, 888888888, '2019-06-24 11:00:10', 'IN');
INSERT INTO `record` VALUES (724, 888888889, '2019-06-24 11:00:11', 'IN');
INSERT INTO `record` VALUES (725, 101010101, '2019-06-24 11:00:22', 'IN');
INSERT INTO `record` VALUES (726, 111111111, '2019-06-24 16:00:00', 'OUT');
INSERT INTO `record` VALUES (727, 222222222, '2019-06-24 16:00:02', 'OUT');
INSERT INTO `record` VALUES (728, 333333333, '2019-06-24 16:00:04', 'OUT');
INSERT INTO `record` VALUES (729, 444444444, '2019-06-24 16:00:06', 'OUT');
INSERT INTO `record` VALUES (730, 555555555, '2019-06-24 16:00:03', 'OUT');
INSERT INTO `record` VALUES (731, 666666666, '2019-06-24 16:00:01', 'OUT');
INSERT INTO `record` VALUES (732, 777777777, '2019-06-24 16:00:07', 'OUT');
INSERT INTO `record` VALUES (733, 888888888, '2019-06-24 16:00:10', 'OUT');
INSERT INTO `record` VALUES (734, 888888889, '2019-06-24 16:00:11', 'OUT');
INSERT INTO `record` VALUES (735, 101010101, '2019-06-24 16:00:22', 'OUT');
INSERT INTO `record` VALUES (736, 111111111, '2019-06-25 08:00:00', 'IN');
INSERT INTO `record` VALUES (737, 222222222, '2019-06-25 08:00:02', 'IN');
INSERT INTO `record` VALUES (738, 333333333, '2019-06-25 08:00:04', 'IN');
INSERT INTO `record` VALUES (739, 444444444, '2019-06-25 08:00:06', 'IN');
INSERT INTO `record` VALUES (740, 555555555, '2019-06-25 08:00:03', 'IN');
INSERT INTO `record` VALUES (741, 666666666, '2019-06-25 08:00:01', 'IN');
INSERT INTO `record` VALUES (742, 777777777, '2019-06-25 08:00:07', 'IN');
INSERT INTO `record` VALUES (743, 888888888, '2019-06-25 08:00:10', 'IN');
INSERT INTO `record` VALUES (744, 888888889, '2019-06-25 08:00:11', 'IN');
INSERT INTO `record` VALUES (745, 101010101, '2019-06-25 08:00:22', 'IN');
INSERT INTO `record` VALUES (746, 111111111, '2019-06-25 10:30:00', 'OUT');
INSERT INTO `record` VALUES (747, 222222222, '2019-06-25 10:30:02', 'OUT');
INSERT INTO `record` VALUES (748, 333333333, '2019-06-25 10:30:04', 'OUT');
INSERT INTO `record` VALUES (749, 444444444, '2019-06-25 10:30:06', 'OUT');
INSERT INTO `record` VALUES (750, 555555555, '2019-06-25 10:30:03', 'OUT');
INSERT INTO `record` VALUES (751, 666666666, '2019-06-25 10:30:01', 'OUT');
INSERT INTO `record` VALUES (752, 777777777, '2019-06-25 10:30:07', 'OUT');
INSERT INTO `record` VALUES (753, 888888888, '2019-06-25 10:30:10', 'OUT');
INSERT INTO `record` VALUES (754, 888888889, '2019-06-25 10:30:11', 'OUT');
INSERT INTO `record` VALUES (755, 101010101, '2019-06-25 10:30:22', 'OUT');
INSERT INTO `record` VALUES (756, 111111111, '2019-06-25 11:00:00', 'IN');
INSERT INTO `record` VALUES (757, 222222222, '2019-06-25 11:00:02', 'IN');
INSERT INTO `record` VALUES (758, 333333333, '2019-06-25 11:00:04', 'IN');
INSERT INTO `record` VALUES (759, 444444444, '2019-06-25 11:00:06', 'IN');
INSERT INTO `record` VALUES (760, 555555555, '2019-06-25 11:00:03', 'IN');
INSERT INTO `record` VALUES (761, 666666666, '2019-06-25 11:00:01', 'IN');
INSERT INTO `record` VALUES (762, 777777777, '2019-06-25 11:00:07', 'IN');
INSERT INTO `record` VALUES (763, 888888888, '2019-06-25 11:00:10', 'IN');
INSERT INTO `record` VALUES (764, 888888889, '2019-06-25 11:00:11', 'IN');
INSERT INTO `record` VALUES (765, 101010101, '2019-06-25 11:00:22', 'IN');
INSERT INTO `record` VALUES (766, 111111111, '2019-06-25 16:00:00', 'OUT');
INSERT INTO `record` VALUES (767, 222222222, '2019-06-25 16:00:02', 'OUT');
INSERT INTO `record` VALUES (768, 333333333, '2019-06-25 16:00:04', 'OUT');
INSERT INTO `record` VALUES (769, 444444444, '2019-06-25 16:00:06', 'OUT');
INSERT INTO `record` VALUES (770, 555555555, '2019-06-25 16:00:03', 'OUT');
INSERT INTO `record` VALUES (771, 666666666, '2019-06-25 16:00:01', 'OUT');
INSERT INTO `record` VALUES (772, 777777777, '2019-06-25 16:00:07', 'OUT');
INSERT INTO `record` VALUES (773, 888888888, '2019-06-25 16:00:10', 'OUT');
INSERT INTO `record` VALUES (774, 888888889, '2019-06-25 16:00:11', 'OUT');
INSERT INTO `record` VALUES (775, 101010101, '2019-06-25 16:00:22', 'OUT');
INSERT INTO `record` VALUES (776, 111111111, '2019-06-26 08:00:00', 'IN');
INSERT INTO `record` VALUES (777, 222222222, '2019-06-26 08:00:02', 'IN');
INSERT INTO `record` VALUES (778, 333333333, '2019-06-26 08:00:04', 'IN');
INSERT INTO `record` VALUES (779, 444444444, '2019-06-26 08:00:06', 'IN');
INSERT INTO `record` VALUES (780, 555555555, '2019-06-26 08:00:03', 'IN');
INSERT INTO `record` VALUES (781, 666666666, '2019-06-26 08:00:01', 'IN');
INSERT INTO `record` VALUES (782, 777777777, '2019-06-26 08:00:07', 'IN');
INSERT INTO `record` VALUES (783, 888888888, '2019-06-26 08:00:10', 'IN');
INSERT INTO `record` VALUES (784, 888888889, '2019-06-26 08:00:11', 'IN');
INSERT INTO `record` VALUES (785, 101010101, '2019-06-26 08:00:22', 'IN');
INSERT INTO `record` VALUES (786, 111111111, '2019-06-26 10:30:00', 'OUT');
INSERT INTO `record` VALUES (787, 222222222, '2019-06-26 10:30:02', 'OUT');
INSERT INTO `record` VALUES (788, 333333333, '2019-06-26 10:30:04', 'OUT');
INSERT INTO `record` VALUES (789, 444444444, '2019-06-26 10:30:06', 'OUT');
INSERT INTO `record` VALUES (790, 555555555, '2019-06-26 10:30:03', 'OUT');
INSERT INTO `record` VALUES (791, 666666666, '2019-06-26 10:30:01', 'OUT');
INSERT INTO `record` VALUES (792, 777777777, '2019-06-26 10:30:07', 'OUT');
INSERT INTO `record` VALUES (793, 888888888, '2019-06-26 10:30:10', 'OUT');
INSERT INTO `record` VALUES (794, 888888889, '2019-06-26 10:30:11', 'OUT');
INSERT INTO `record` VALUES (795, 101010101, '2019-06-26 10:30:22', 'OUT');
INSERT INTO `record` VALUES (796, 111111111, '2019-06-26 11:00:00', 'IN');
INSERT INTO `record` VALUES (797, 222222222, '2019-06-26 11:00:02', 'IN');
INSERT INTO `record` VALUES (798, 333333333, '2019-06-26 11:00:04', 'IN');
INSERT INTO `record` VALUES (799, 444444444, '2019-06-26 11:00:06', 'IN');
INSERT INTO `record` VALUES (800, 555555555, '2019-06-26 11:00:03', 'IN');
INSERT INTO `record` VALUES (801, 666666666, '2019-06-26 11:00:01', 'IN');
INSERT INTO `record` VALUES (802, 777777777, '2019-06-26 11:00:07', 'IN');
INSERT INTO `record` VALUES (803, 888888888, '2019-06-26 11:00:10', 'IN');
INSERT INTO `record` VALUES (804, 888888889, '2019-06-26 11:00:11', 'IN');
INSERT INTO `record` VALUES (805, 101010101, '2019-06-26 11:00:22', 'IN');
INSERT INTO `record` VALUES (806, 111111111, '2019-06-26 16:00:00', 'OUT');
INSERT INTO `record` VALUES (807, 222222222, '2019-06-26 16:00:02', 'OUT');
INSERT INTO `record` VALUES (808, 333333333, '2019-06-26 16:00:04', 'OUT');
INSERT INTO `record` VALUES (809, 444444444, '2019-06-26 16:00:06', 'OUT');
INSERT INTO `record` VALUES (810, 555555555, '2019-06-26 16:00:03', 'OUT');
INSERT INTO `record` VALUES (811, 666666666, '2019-06-26 16:00:01', 'OUT');
INSERT INTO `record` VALUES (812, 777777777, '2019-06-26 16:00:07', 'OUT');
INSERT INTO `record` VALUES (813, 888888888, '2019-06-26 16:00:10', 'OUT');
INSERT INTO `record` VALUES (814, 888888889, '2019-06-26 16:00:11', 'OUT');
INSERT INTO `record` VALUES (815, 101010101, '2019-06-26 16:00:22', 'OUT');
INSERT INTO `record` VALUES (816, 111111111, '2019-06-27 08:00:00', 'IN');
INSERT INTO `record` VALUES (817, 222222222, '2019-06-27 08:00:02', 'IN');
INSERT INTO `record` VALUES (818, 333333333, '2019-06-27 08:00:04', 'IN');
INSERT INTO `record` VALUES (819, 444444444, '2019-06-27 08:00:06', 'IN');
INSERT INTO `record` VALUES (820, 555555555, '2019-06-27 08:00:03', 'IN');
INSERT INTO `record` VALUES (821, 666666666, '2019-06-27 08:00:01', 'IN');
INSERT INTO `record` VALUES (822, 777777777, '2019-06-27 08:00:07', 'IN');
INSERT INTO `record` VALUES (823, 888888888, '2019-06-27 08:00:10', 'IN');
INSERT INTO `record` VALUES (824, 888888889, '2019-06-27 08:00:11', 'IN');
INSERT INTO `record` VALUES (825, 101010101, '2019-06-27 08:00:22', 'IN');
INSERT INTO `record` VALUES (826, 111111111, '2019-06-27 10:30:00', 'OUT');
INSERT INTO `record` VALUES (827, 222222222, '2019-06-27 10:30:02', 'OUT');
INSERT INTO `record` VALUES (828, 333333333, '2019-06-27 10:30:04', 'OUT');
INSERT INTO `record` VALUES (829, 444444444, '2019-06-27 10:30:06', 'OUT');
INSERT INTO `record` VALUES (830, 555555555, '2019-06-27 10:30:03', 'OUT');
INSERT INTO `record` VALUES (831, 666666666, '2019-06-27 10:30:01', 'OUT');
INSERT INTO `record` VALUES (832, 777777777, '2019-06-27 10:30:07', 'OUT');
INSERT INTO `record` VALUES (833, 888888888, '2019-06-27 10:30:10', 'OUT');
INSERT INTO `record` VALUES (834, 888888889, '2019-06-27 10:30:11', 'OUT');
INSERT INTO `record` VALUES (835, 101010101, '2019-06-27 10:30:22', 'OUT');
INSERT INTO `record` VALUES (836, 111111111, '2019-06-27 11:00:00', 'IN');
INSERT INTO `record` VALUES (837, 222222222, '2019-06-27 11:00:02', 'IN');
INSERT INTO `record` VALUES (838, 333333333, '2019-06-27 11:00:04', 'IN');
INSERT INTO `record` VALUES (839, 444444444, '2019-06-27 11:00:06', 'IN');
INSERT INTO `record` VALUES (840, 555555555, '2019-06-27 11:00:03', 'IN');
INSERT INTO `record` VALUES (841, 666666666, '2019-06-27 11:00:01', 'IN');
INSERT INTO `record` VALUES (842, 777777777, '2019-06-27 11:00:07', 'IN');
INSERT INTO `record` VALUES (843, 888888888, '2019-06-27 11:00:10', 'IN');
INSERT INTO `record` VALUES (844, 888888889, '2019-06-27 11:00:11', 'IN');
INSERT INTO `record` VALUES (845, 101010101, '2019-06-27 11:00:22', 'IN');
INSERT INTO `record` VALUES (846, 111111111, '2019-06-27 16:00:00', 'OUT');
INSERT INTO `record` VALUES (847, 222222222, '2019-06-27 16:00:02', 'OUT');
INSERT INTO `record` VALUES (848, 333333333, '2019-06-27 16:00:04', 'OUT');
INSERT INTO `record` VALUES (849, 444444444, '2019-06-27 16:00:06', 'OUT');
INSERT INTO `record` VALUES (850, 555555555, '2019-06-27 16:00:03', 'OUT');
INSERT INTO `record` VALUES (851, 666666666, '2019-06-27 16:00:01', 'OUT');
INSERT INTO `record` VALUES (852, 777777777, '2019-06-27 16:00:07', 'OUT');
INSERT INTO `record` VALUES (853, 888888888, '2019-06-27 16:00:10', 'OUT');
INSERT INTO `record` VALUES (854, 888888889, '2019-06-27 16:00:11', 'OUT');
INSERT INTO `record` VALUES (855, 101010101, '2019-06-27 16:00:22', 'OUT');
INSERT INTO `record` VALUES (856, 111111111, '2019-06-28 08:00:00', 'IN');
INSERT INTO `record` VALUES (857, 222222222, '2019-06-28 08:00:02', 'IN');
INSERT INTO `record` VALUES (858, 333333333, '2019-06-28 08:00:04', 'IN');
INSERT INTO `record` VALUES (859, 444444444, '2019-06-28 08:00:06', 'IN');
INSERT INTO `record` VALUES (860, 555555555, '2019-06-28 08:00:03', 'IN');
INSERT INTO `record` VALUES (861, 666666666, '2019-06-28 08:00:01', 'IN');
INSERT INTO `record` VALUES (862, 777777777, '2019-06-28 08:00:07', 'IN');
INSERT INTO `record` VALUES (863, 888888888, '2019-06-28 08:00:10', 'IN');
INSERT INTO `record` VALUES (864, 888888889, '2019-06-28 08:00:11', 'IN');
INSERT INTO `record` VALUES (865, 101010101, '2019-06-28 08:00:22', 'IN');
INSERT INTO `record` VALUES (866, 111111111, '2019-06-28 10:30:00', 'OUT');
INSERT INTO `record` VALUES (867, 222222222, '2019-06-28 10:30:02', 'OUT');
INSERT INTO `record` VALUES (868, 333333333, '2019-06-28 10:30:04', 'OUT');
INSERT INTO `record` VALUES (869, 444444444, '2019-06-28 10:30:06', 'OUT');
INSERT INTO `record` VALUES (870, 555555555, '2019-06-28 10:30:03', 'OUT');
INSERT INTO `record` VALUES (871, 666666666, '2019-06-28 10:30:01', 'OUT');
INSERT INTO `record` VALUES (872, 777777777, '2019-06-28 10:30:07', 'OUT');
INSERT INTO `record` VALUES (873, 888888888, '2019-06-28 10:30:10', 'OUT');
INSERT INTO `record` VALUES (874, 888888889, '2019-06-28 10:30:11', 'OUT');
INSERT INTO `record` VALUES (875, 101010101, '2019-06-28 10:30:22', 'OUT');
INSERT INTO `record` VALUES (876, 111111111, '2019-06-28 11:00:00', 'IN');
INSERT INTO `record` VALUES (877, 222222222, '2019-06-28 11:00:02', 'IN');
INSERT INTO `record` VALUES (878, 333333333, '2019-06-28 11:00:04', 'IN');
INSERT INTO `record` VALUES (879, 444444444, '2019-06-28 11:00:06', 'IN');
INSERT INTO `record` VALUES (880, 555555555, '2019-06-28 11:00:03', 'IN');
INSERT INTO `record` VALUES (881, 666666666, '2019-06-28 11:00:01', 'IN');
INSERT INTO `record` VALUES (882, 777777777, '2019-06-28 11:00:07', 'IN');
INSERT INTO `record` VALUES (883, 888888888, '2019-06-28 11:00:10', 'IN');
INSERT INTO `record` VALUES (884, 888888889, '2019-06-28 11:00:11', 'IN');
INSERT INTO `record` VALUES (885, 101010101, '2019-06-28 11:00:22', 'IN');
INSERT INTO `record` VALUES (886, 111111111, '2019-06-28 16:00:00', 'OUT');
INSERT INTO `record` VALUES (887, 222222222, '2019-06-28 16:00:02', 'OUT');
INSERT INTO `record` VALUES (888, 333333333, '2019-06-28 16:00:04', 'OUT');
INSERT INTO `record` VALUES (889, 444444444, '2019-06-28 16:00:06', 'OUT');
INSERT INTO `record` VALUES (890, 555555555, '2019-06-28 16:00:03', 'OUT');
INSERT INTO `record` VALUES (891, 666666666, '2019-06-28 16:00:01', 'OUT');
INSERT INTO `record` VALUES (892, 777777777, '2019-06-28 16:00:07', 'OUT');
INSERT INTO `record` VALUES (893, 888888888, '2019-06-28 16:00:10', 'OUT');
INSERT INTO `record` VALUES (894, 888888889, '2019-06-28 16:00:11', 'OUT');
INSERT INTO `record` VALUES (895, 101010101, '2019-06-28 16:00:22', 'OUT');
INSERT INTO `record` VALUES (896, 111111111, '2019-07-01 08:00:00', 'IN');
INSERT INTO `record` VALUES (897, 222222222, '2019-07-01 08:00:02', 'IN');
INSERT INTO `record` VALUES (898, 333333333, '2019-07-01 08:00:04', 'IN');
INSERT INTO `record` VALUES (899, 444444444, '2019-07-01 08:00:06', 'IN');
INSERT INTO `record` VALUES (900, 555555555, '2019-07-01 08:00:03', 'IN');
INSERT INTO `record` VALUES (901, 666666666, '2019-07-01 08:00:01', 'IN');
INSERT INTO `record` VALUES (902, 777777777, '2019-07-01 08:00:07', 'IN');
INSERT INTO `record` VALUES (903, 888888888, '2019-07-01 08:00:10', 'IN');
INSERT INTO `record` VALUES (904, 888888889, '2019-07-01 08:00:11', 'IN');
INSERT INTO `record` VALUES (905, 101010101, '2019-07-01 08:00:22', 'IN');
INSERT INTO `record` VALUES (906, 111111111, '2019-07-01 10:30:00', 'OUT');
INSERT INTO `record` VALUES (907, 222222222, '2019-07-01 10:30:02', 'OUT');
INSERT INTO `record` VALUES (908, 333333333, '2019-07-01 10:30:04', 'OUT');
INSERT INTO `record` VALUES (909, 444444444, '2019-07-01 10:30:06', 'OUT');
INSERT INTO `record` VALUES (910, 555555555, '2019-07-01 10:30:03', 'OUT');
INSERT INTO `record` VALUES (911, 666666666, '2019-07-01 10:30:01', 'OUT');
INSERT INTO `record` VALUES (912, 777777777, '2019-07-01 10:30:07', 'OUT');
INSERT INTO `record` VALUES (913, 888888888, '2019-07-01 10:30:10', 'OUT');
INSERT INTO `record` VALUES (914, 888888889, '2019-07-01 10:30:11', 'OUT');
INSERT INTO `record` VALUES (915, 101010101, '2019-07-01 10:30:22', 'OUT');
INSERT INTO `record` VALUES (916, 111111111, '2019-07-01 11:00:00', 'IN');
INSERT INTO `record` VALUES (917, 222222222, '2019-07-01 11:00:02', 'IN');
INSERT INTO `record` VALUES (918, 333333333, '2019-07-01 11:00:04', 'IN');
INSERT INTO `record` VALUES (919, 444444444, '2019-07-01 11:00:06', 'IN');
INSERT INTO `record` VALUES (920, 555555555, '2019-07-01 11:00:03', 'IN');
INSERT INTO `record` VALUES (921, 666666666, '2019-07-01 11:00:01', 'IN');
INSERT INTO `record` VALUES (922, 777777777, '2019-07-01 11:00:07', 'IN');
INSERT INTO `record` VALUES (923, 888888888, '2019-07-01 11:00:10', 'IN');
INSERT INTO `record` VALUES (924, 888888889, '2019-07-01 11:00:11', 'IN');
INSERT INTO `record` VALUES (925, 101010101, '2019-07-01 11:00:22', 'IN');
INSERT INTO `record` VALUES (926, 111111111, '2019-07-01 16:00:00', 'OUT');
INSERT INTO `record` VALUES (927, 222222222, '2019-07-01 16:00:02', 'OUT');
INSERT INTO `record` VALUES (928, 333333333, '2019-07-01 16:00:04', 'OUT');
INSERT INTO `record` VALUES (929, 444444444, '2019-07-01 16:00:06', 'OUT');
INSERT INTO `record` VALUES (930, 555555555, '2019-07-01 16:00:03', 'OUT');
INSERT INTO `record` VALUES (931, 666666666, '2019-07-01 16:00:01', 'OUT');
INSERT INTO `record` VALUES (932, 777777777, '2019-07-01 16:00:07', 'OUT');
INSERT INTO `record` VALUES (933, 888888888, '2019-07-01 16:00:10', 'OUT');
INSERT INTO `record` VALUES (934, 888888889, '2019-07-01 16:00:11', 'OUT');
INSERT INTO `record` VALUES (935, 101010101, '2019-07-01 16:00:22', 'OUT');
INSERT INTO `record` VALUES (936, 111111111, '2019-07-02 08:00:00', 'IN');
INSERT INTO `record` VALUES (937, 222222222, '2019-07-02 08:00:02', 'IN');
INSERT INTO `record` VALUES (938, 333333333, '2019-07-02 08:00:04', 'IN');
INSERT INTO `record` VALUES (939, 444444444, '2019-07-02 08:00:06', 'IN');
INSERT INTO `record` VALUES (940, 555555555, '2019-07-02 08:00:03', 'IN');
INSERT INTO `record` VALUES (941, 666666666, '2019-07-02 08:00:01', 'IN');
INSERT INTO `record` VALUES (942, 777777777, '2019-07-02 08:00:07', 'IN');
INSERT INTO `record` VALUES (943, 888888888, '2019-07-02 08:00:10', 'IN');
INSERT INTO `record` VALUES (944, 888888889, '2019-07-02 08:00:11', 'IN');
INSERT INTO `record` VALUES (945, 101010101, '2019-07-02 08:00:22', 'IN');
INSERT INTO `record` VALUES (946, 111111111, '2019-07-02 10:30:00', 'OUT');
INSERT INTO `record` VALUES (947, 222222222, '2019-07-02 10:30:02', 'OUT');
INSERT INTO `record` VALUES (948, 333333333, '2019-07-02 10:30:04', 'OUT');
INSERT INTO `record` VALUES (949, 444444444, '2019-07-02 10:30:06', 'OUT');
INSERT INTO `record` VALUES (950, 555555555, '2019-07-02 10:30:03', 'OUT');
INSERT INTO `record` VALUES (951, 666666666, '2019-07-02 10:30:01', 'OUT');
INSERT INTO `record` VALUES (952, 777777777, '2019-07-02 10:30:07', 'OUT');
INSERT INTO `record` VALUES (953, 888888888, '2019-07-02 10:30:10', 'OUT');
INSERT INTO `record` VALUES (954, 888888889, '2019-07-02 10:30:11', 'OUT');
INSERT INTO `record` VALUES (955, 101010101, '2019-07-02 10:30:22', 'OUT');

-- ----------------------------
-- Event structure for e_record_fix_check_out_record
-- ----------------------------
DROP EVENT IF EXISTS `e_record_fix_check_out_record`;
delimiter ;;
CREATE EVENT `e_record_fix_check_out_record`
ON SCHEDULE
EVERY '1' DAY STARTS '2019-02-07 23:59:59'
DO INSERT INTO record (account_id, created_at) 

    SELECT account_id, DATE_ADD(created_at, INTERVAL 1 SECOND)created_at

    FROM 

        record

    WHERE created_at IN 

    (SELECT max(created_at) FROM record GROUP BY account_id) 

    AND status='IN'
;;
delimiter ;

-- ----------------------------
-- Triggers structure for table account
-- ----------------------------
DROP TRIGGER IF EXISTS `trigger_account_bi`;
delimiter ;;
CREATE TRIGGER `trigger_account_bi` BEFORE INSERT ON `account` FOR EACH ROW BEGIN
	IF EXISTS ( SELECT * FROM `account` WHERE account_id = NEW.account_id ) THEN
		SIGNAL SQLSTATE '50001' SET MESSAGE_TEXT = "There is already a card with that ID.";
	END IF;

	IF NOT EXISTS ( SELECT * FROM `employee` WHERE employee.employee_id = NEW.employee_id ) THEN
		SIGNAL SQLSTATE '50002' SET MESSAGE_TEXT = "There is no employee with that ID.";
	END IF;
END
;;
delimiter ;

-- ----------------------------
-- Triggers structure for table account
-- ----------------------------
DROP TRIGGER IF EXISTS `trigger_account_bu`;
delimiter ;;
CREATE TRIGGER `trigger_account_bu` BEFORE UPDATE ON `account` FOR EACH ROW BEGIN
	IF EXISTS ( SELECT * FROM `account` WHERE account_id = NEW.account_id ) THEN
		SIGNAL SQLSTATE '50001' SET MESSAGE_TEXT = "There is already a card with that ID.";
	END IF;

	IF NOT EXISTS ( SELECT * FROM `employee` WHERE employee.employee_id = NEW.employee_id ) THEN
		SIGNAL SQLSTATE '50002' SET MESSAGE_TEXT = "There is no employee with that ID.";
	END IF;
END
;;
delimiter ;

-- ----------------------------
-- Triggers structure for table administrator
-- ----------------------------
DROP TRIGGER IF EXISTS `trigger_administrator_bi`;
delimiter ;;
CREATE TRIGGER `trigger_administrator_bi` BEFORE INSERT ON `administrator` FOR EACH ROW BEGIN
	IF EXISTS ( SELECT * FROM `administrator` WHERE administrator.email = NEW.email ) THEN
		SIGNAL SQLSTATE '50003' SET MESSAGE_TEXT = "Administrator with this mail address already exists.";
	END IF;

	IF EXISTS ( SELECT * FROM `administrator` WHERE administrator.username = NEW.username ) THEN
		SIGNAL SQLSTATE '50004' SET MESSAGE_TEXT = "Administrator with this username already exists.";
	END IF;
END
;;
delimiter ;

-- ----------------------------
-- Triggers structure for table administrator
-- ----------------------------
DROP TRIGGER IF EXISTS `trigger_administrator_bu`;
delimiter ;;
CREATE TRIGGER `trigger_administrator_bu` BEFORE UPDATE ON `administrator` FOR EACH ROW BEGIN
	IF EXISTS ( SELECT * FROM `administrator` WHERE administrator.email = NEW.email ) THEN
		SIGNAL SQLSTATE '50003' SET MESSAGE_TEXT = "Administrator with this mail address already exists.";
	END IF;

	IF EXISTS ( SELECT * FROM `administrator` WHERE administrator.username = NEW.username ) THEN
		SIGNAL SQLSTATE '50004' SET MESSAGE_TEXT = "Administrator with this username already exists.";
	END IF;
END
;;
delimiter ;

-- ----------------------------
-- Triggers structure for table archived
-- ----------------------------
DROP TRIGGER IF EXISTS `trigger_archived_bi`;
delimiter ;;
CREATE TRIGGER `trigger_archived_bi` BEFORE INSERT ON `archived` FOR EACH ROW BEGIN
	IF EXISTS ( SELECT * FROM `archived` WHERE archived.mail = NEW.mail ) THEN
		SIGNAL SQLSTATE '50005' SET MESSAGE_TEXT = "Archived employee with this mail address already exists.";
	END IF;

	IF EXISTS ( SELECT * FROM `archived` WHERE archived.phone = NEW.phone ) THEN
		SIGNAL SQLSTATE '50006' SET MESSAGE_TEXT = "Archived employee with this phone already exists.";
	END IF;
END
;;
delimiter ;

-- ----------------------------
-- Triggers structure for table archived
-- ----------------------------
DROP TRIGGER IF EXISTS `trigger_archived_bu`;
delimiter ;;
CREATE TRIGGER `trigger_archived_bu` BEFORE UPDATE ON `archived` FOR EACH ROW BEGIN
	IF EXISTS ( SELECT * FROM `archived` WHERE archived.mail = NEW.mail ) THEN
		SIGNAL SQLSTATE '50005' SET MESSAGE_TEXT = "Archived employee with this mail address already exists.";
	END IF;

	IF EXISTS ( SELECT * FROM `archived` WHERE archived.phone = NEW.phone ) THEN
		SIGNAL SQLSTATE '50006' SET MESSAGE_TEXT = "Archived employee with this phone already exists.";
	END IF;
END
;;
delimiter ;

-- ----------------------------
-- Triggers structure for table employee
-- ----------------------------
DROP TRIGGER IF EXISTS `trigger_employee_bi`;
delimiter ;;
CREATE TRIGGER `trigger_employee_bi` BEFORE INSERT ON `employee` FOR EACH ROW BEGIN
	IF EXISTS ( SELECT * FROM `employee` WHERE employee.mail = NEW.mail ) THEN
		SIGNAL SQLSTATE '50007' SET MESSAGE_TEXT = "Employee with this mail address already exists.";
	END IF;

	IF EXISTS ( SELECT * FROM `employee` WHERE employee.phone = NEW.phone ) THEN
		SIGNAL SQLSTATE '50008' SET MESSAGE_TEXT = "Employee with this phone already exists.";
	END IF;
END
;;
delimiter ;

-- ----------------------------
-- Triggers structure for table employee
-- ----------------------------
DROP TRIGGER IF EXISTS `trigger_employee_bu`;
delimiter ;;
CREATE TRIGGER `trigger_employee_bu` BEFORE UPDATE ON `employee` FOR EACH ROW BEGIN
	IF EXISTS ( SELECT * FROM `employee` WHERE employee.mail = NEW.mail ) THEN
		SIGNAL SQLSTATE '50007' SET MESSAGE_TEXT = "Employee with this mail address already exists.";
	END IF;

	IF EXISTS ( SELECT * FROM `employee` WHERE employee.phone = NEW.phone ) THEN
		SIGNAL SQLSTATE '50008' SET MESSAGE_TEXT = "Employee with this phone already exists.";
	END IF;
END
;;
delimiter ;

-- ----------------------------
-- Triggers structure for table record
-- ----------------------------
DROP TRIGGER IF EXISTS `trigger_record_bi`;
delimiter ;;
CREATE TRIGGER `trigger_record_bi` BEFORE INSERT ON `record` FOR EACH ROW BEGIN

IF NOT EXISTS ( SELECT * FROM `account` WHERE account.account_id = NEW.account_id ) THEN
		SIGNAL SQLSTATE '50009' SET MESSAGE_TEXT = "Card with this id does not exist";
	END IF;

SET @lastStatus = (SELECT record.`status`

FROM record

where record.account_id = NEW.account_id

ORDER BY record.created_at DESC LIMIT 1);

IF @lastStatus = 'OUT' OR @lastStatus IS NULL

then

set NEW.status = 'IN';
ELSE

set NEW.status = 'OUT';
END IF;

END
;;
delimiter ;

-- ----------------------------
-- Triggers structure for table record
-- ----------------------------
DROP TRIGGER IF EXISTS `trigger_record_bu`;
delimiter ;;
CREATE TRIGGER `trigger_record_bu` BEFORE UPDATE ON `record` FOR EACH ROW IF NOT EXISTS ( SELECT * FROM `record` WHERE record.account_id = NEW.account_id ) THEN
		SIGNAL SQLSTATE '50009' SET MESSAGE_TEXT = "Card with this id does not exist";
	END IF
;;
delimiter ;

SET FOREIGN_KEY_CHECKS = 1;
